"Date","Price","Open","High","Low","Vol.","Change %"
"2025-12-05","22,807.90","22,779.25","22,897.32","22,772.48","","0.17%"
"2025-12-04","22,770.18","22,760.04","22,786.40","22,678.67","","0.15%"
"2025-12-03","22,736.61","22,640.75","22,772.70","22,593.44","","0.42%"
"2025-12-02","22,641.61","22,640.05","22,720.92","22,578.84","","0.21%"
"2025-12-01","22,594.59","22,646.35","22,704.72","22,552.27","","-0.56%"
"2025-11-28","22,721.09","22,627.33","22,727.99","22,623.60","","0.57%"
"2025-11-26","22,593.40","22,455.77","22,662.55","22,455.77","","0.69%"
"2025-11-25","22,437.96","22,223.41","22,470.87","22,080.01","","1.05%"
"2025-11-24","22,205.07","21,938.31","22,239.67","21,938.31","","1.55%"
"2025-11-21","21,866.68","21,683.19","22,045.69","21,580.97","","1.11%"
"2025-11-20","21,625.71","22,179.71","22,399.35","21,611.13","","-1.58%"
"2025-11-19","21,973.10","21,928.44","22,131.25","21,850.04","","0.33%"
"2025-11-18","21,900.66","21,986.96","22,056.94","21,749.22","","-0.69%"
"2025-11-17","22,053.88","22,275.12","22,343.32","21,948.10","","-1.01%"
"2025-11-14","22,279.80","22,173.53","22,416.10","21,995.08","","-0.05%"
"2025-11-13","22,290.56","22,635.75","22,635.75","22,248.88","","-1.74%"
"2025-11-12","22,686.24","22,731.00","22,754.90","22,625.73","","0.06%"
"2025-11-11","22,672.25","22,617.81","22,699.78","22,545.74","","0.21%"
"2025-11-10","22,624.59","22,440.57","22,658.16","22,434.04","","1.48%"
"2025-11-07","22,295.31","22,173.62","22,298.57","21,957.03","","0.24%"
"2025-11-06","22,243.01","22,500.84","22,506.00","22,202.81","","-1.15%"
"2025-11-05","22,502.56","22,400.60","22,608.81","22,385.79","","0.44%"
"2025-11-04","22,404.23","22,504.42","22,571.41","22,390.83","","-1.23%"
"2025-11-03","22,683.06","22,717.29","22,767.53","22,562.65","","0.11%"
"2025-10-31","22,658.86","22,627.63","22,740.92","22,560.52","","0.36%"
"2025-10-30","22,577.09","22,777.39","22,777.39","22,572.36","","-1.01%"
"2025-10-29","22,808.24","22,880.28","22,910.95","22,695.39","","-0.10%"
"2025-10-28","22,831.50","22,868.76","22,893.37","22,785.94","","0.11%"
"2025-10-27","22,806.40","22,694.10","22,814.53","22,694.10","","1.15%"
"2025-10-24","22,547.19","22,455.09","22,603.88","22,455.09","","0.78%"
"2025-10-23","22,372.24","22,232.31","22,407.93","22,232.31","","0.67%"
"2025-10-22","22,222.78","22,354.61","22,376.94","22,078.93","","-0.64%"
"2025-10-21","22,366.40","22,357.32","22,424.62","22,309.68","","0.01%"
"2025-10-20","22,364.52","22,175.80","22,392.40","22,175.80","","1.13%"
"2025-10-17","22,114.99","21,992.83","22,157.90","21,920.02","","0.45%"
"2025-10-16","22,016.85","22,210.75","22,294.57","21,908.96","","-0.75%"
"2025-10-15","22,183.70","22,166.84","22,361.67","21,995.76","","0.42%"
"2025-10-14","22,090.35","21,991.19","22,203.80","21,770.63","","-0.02%"
"2025-10-13","22,094.99","21,948.19","22,133.95","21,948.19","","1.63%"
"2025-10-10","21,739.77","22,362.84","22,443.02","21,735.72","","-2.71%"
"2025-10-09","22,345.57","22,429.19","22,446.97","22,284.00","","-0.32%"
"2025-10-08","22,416.88","22,292.13","22,421.94","22,292.13","","0.64%"
"2025-10-07","22,274.84","22,409.57","22,424.31","22,220.47","","-0.47%"
"2025-10-06","22,379.68","22,315.07","22,418.19","22,307.54","","0.38%"
"2025-10-03","22,295.60","22,305.88","22,414.06","22,264.46","","0.05%"
"2025-10-02","22,284.92","22,307.84","22,321.53","22,201.07","","0.13%"
"2025-10-01","22,255.44","22,124.00","22,278.01","22,090.24","","0.32%"
"2025-09-30","22,183.43","22,100.99","22,192.06","22,026.93","","0.33%"
"2025-09-29","22,109.75","22,115.63","22,157.74","22,058.35","","0.25%"
"2025-09-26","22,054.38","21,945.45","22,064.27","21,924.13","","0.64%"
"2025-09-25","21,914.45","21,946.12","21,961.71","21,800.83","","-0.55%"
"2025-09-24","22,035.50","22,160.61","22,165.27","21,993.36","","-0.36%"
"2025-09-23","22,114.64","22,249.69","22,266.40","22,082.92","","-0.54%"
"2025-09-22","22,234.10","22,128.18","22,250.57","22,082.26","","0.41%"
"2025-09-19","22,143.91","22,117.30","22,167.57","22,036.19","","0.38%"
"2025-09-18","22,059.42","21,965.26","22,124.52","21,965.26","","0.63%"
"2025-09-17","21,920.65","21,936.98","22,022.77","21,764.88","","-0.07%"
"2025-09-16","21,937.08","21,988.06","21,993.49","21,904.65","","-0.11%"
"2025-09-15","21,962.17","21,884.79","21,980.85","21,884.79","","0.46%"
"2025-09-12","21,860.57","21,892.58","21,917.51","21,848.84","","-0.15%"
"2025-09-11","21,893.59","21,752.69","21,907.07","21,743.37","","0.93%"
"2025-09-10","21,692.45","21,711.88","21,777.49","21,640.93","","0.24%"
"2025-09-09","21,640.07","21,618.87","21,657.00","21,542.07","","0.19%"
"2025-09-08","21,598.54","21,593.87","21,633.41","21,556.41","","0.26%"
"2025-09-05","21,542.00","21,606.05","21,705.45","21,408.22","","-0.20%"
"2025-09-04","21,584.62","21,434.46","21,585.37","21,390.23","","0.88%"
"2025-09-03","21,396.18","21,306.26","21,419.23","21,295.35","","0.42%"
"2025-09-02","21,305.67","21,272.22","21,309.16","21,124.31","","-0.64%"
"2025-08-29","21,443.39","21,546.46","21,546.46","21,391.54","","-0.63%"
"2025-08-28","21,578.29","21,515.68","21,596.58","21,471.89","","0.36%"
"2025-08-27","21,501.72","21,428.19","21,520.99","21,419.68","","0.28%"
"2025-08-26","21,442.60","21,334.32","21,451.02","21,327.03","","0.45%"
"2025-08-25","21,347.18","21,423.64","21,436.87","21,346.30","","-0.47%"
"2025-08-22","21,447.35","21,146.79","21,489.34","21,143.63","","1.71%"
"2025-08-21","21,087.76","21,114.60","21,155.97","21,028.30","","-0.33%"
"2025-08-20","21,158.45","21,198.36","21,198.36","20,984.61","","-0.25%"
"2025-08-19","21,211.55","21,334.54","21,365.94","21,178.04","","-0.61%"
"2025-08-18","21,341.19","21,316.58","21,355.56","21,305.70","","0.03%"
"2025-08-15","21,333.93","21,422.25","21,425.10","21,310.31","","-0.25%"
"2025-08-14","21,388.24","21,347.10","21,408.92","21,307.22","","-0.12%"
"2025-08-13","21,412.99","21,383.59","21,430.42","21,327.75","","0.46%"
"2025-08-12","21,315.49","21,135.60","21,317.69","21,099.93","","1.27%"
"2025-08-11","21,048.60","21,105.76","21,158.85","21,020.77","","-0.25%"
"2025-08-08","21,101.19","21,007.73","21,122.23","21,007.73","","0.67%"
"2025-08-07","20,961.22","21,083.30","21,128.56","20,860.92","","-0.08%"
"2025-08-06","20,977.82","20,882.48","21,000.60","20,839.90","","0.66%"
"2025-08-05","20,840.92","20,957.32","20,988.36","20,793.21","","-0.43%"
"2025-08-04","20,930.56","20,724.91","20,931.42","20,724.91","","1.54%"
"2025-08-01","20,614.02","20,795.49","20,795.49","20,519.30","","-1.64%"
"2025-07-31","20,958.37","21,153.70","21,219.26","20,921.79","","-0.38%"
"2025-07-30","21,038.58","21,097.23","21,161.19","20,953.35","","-0.13%"
"2025-07-29","21,066.27","21,194.89","21,221.60","21,046.09","","-0.34%"
"2025-07-28","21,138.12","21,165.81","21,184.55","21,096.55","","-0.01%"
"2025-07-25","21,139.38","21,070.37","21,160.64","21,065.54","","0.44%"
"2025-07-24","21,046.57","21,042.08","21,108.18","21,042.08","","-0.05%"
"2025-07-23","21,056.57","20,929.50","21,061.94","20,924.72","","0.80%"
"2025-07-22","20,889.06","20,879.21","20,912.53","20,781.96","","0.14%"
"2025-07-21","20,859.08","20,884.12","20,973.22","20,854.73","","0.06%"
"2025-07-18","20,847.49","20,891.34","20,915.23","20,808.33","","-0.01%"
"2025-07-17","20,849.98","20,723.69","20,873.11","20,723.69","","0.62%"
"2025-07-16","20,721.77","20,674.03","20,736.97","20,504.90","","0.38%"
"2025-07-15","20,642.72","20,691.68","20,858.37","20,637.91","","-0.53%"
"2025-07-14","20,753.52","20,688.78","20,765.90","20,652.59","","0.23%"
"2025-07-11","20,705.98","20,748.85","20,748.85","20,652.73","","-0.42%"
"2025-07-10","20,793.49","20,745.89","20,828.92","20,696.04","","0.27%"
"2025-07-09","20,737.70","20,662.14","20,747.49","20,625.24","","0.64%"
"2025-07-08","20,606.23","20,625.76","20,663.40","20,583.20","","-0.04%"
"2025-07-07","20,614.92","20,722.35","20,723.93","20,519.33","","-0.81%"
"2025-07-03","20,782.84","20,658.50","20,797.11","20,658.50","","0.86%"
"2025-07-02","20,605.04","20,491.72","20,605.13","20,471.38","","0.54%"
"2025-07-01","20,494.35","20,453.10","20,542.08","20,417.45","","-0.06%"
"2025-06-30","20,506.76","20,450.68","20,538.14","20,418.44","","0.52%"
"2025-06-27","20,400.27","20,331.22","20,457.08","20,270.82","","0.49%"
"2025-06-26","20,300.39","20,175.80","20,316.40","20,175.80","","0.88%"
"2025-06-25","20,123.12","20,186.85","20,199.45","20,095.22","","-0.12%"
"2025-06-24","20,147.51","20,000.62","20,178.42","20,000.62","","1.15%"
"2025-06-23","19,917.71","19,724.80","19,927.98","19,639.04","","0.95%"
"2025-06-20","19,729.88","19,846.09","19,892.19","19,680.46","","-0.21%"
"2025-06-18","19,771.58","19,777.58","19,890.41","19,746.50","","0.03%"
"2025-06-17","19,765.68","19,872.00","19,897.25","19,743.71","","-0.83%"
"2025-06-16","19,931.95","19,822.30","19,988.61","19,822.30","","0.98%"
"2025-06-13","19,738.12","19,869.49","19,906.79","19,694.71","","-1.17%"
"2025-06-12","19,972.60","19,891.72","19,973.05","19,841.12","","0.30%"
"2025-06-11","19,912.04","19,998.69","20,037.54","19,854.65","","-0.27%"
"2025-06-10","19,965.63","19,885.08","19,977.82","19,852.99","","0.52%"
"2025-06-09","19,863.29","19,875.64","19,918.63","19,827.49","","0.10%"
"2025-06-06","19,844.27","19,748.95","19,889.95","19,748.95","","1.06%"
"2025-06-05","19,636.36","19,772.26","19,826.45","19,577.53","","-0.45%"
"2025-06-04","19,724.54","19,731.07","19,788.54","19,708.48","","0.02%"
"2025-06-03","19,720.92","19,601.51","19,754.66","19,571.27","","0.66%"
"2025-06-02","19,590.66","19,466.69","19,592.33","19,342.50","","0.39%"
"2025-05-30","19,515.33","19,498.47","19,548.17","19,296.63","","0.00%"
"2025-05-29","19,515.31","19,580.89","19,613.16","19,392.83","","0.37%"
"2025-05-28","19,443.76","19,571.44","19,612.05","19,424.84","","-0.59%"
"2025-05-27","19,559.37","19,288.39","19,566.90","19,288.39","","2.07%"
"2025-05-23","19,161.77","19,111.31","19,243.79","19,043.62","","-0.63%"
"2025-05-22","19,283.13","19,279.20","19,398.47","19,227.19","","-0.02%"
"2025-05-21","19,286.16","19,504.81","19,599.93","19,244.64","","-1.73%"
"2025-05-20","19,626.12","19,650.86","19,667.69","19,529.69","","-0.36%"
"2025-05-19","19,697.46","19,481.56","19,707.02","19,478.30","","0.06%"
"2025-05-16","19,684.99","19,574.36","19,685.22","19,517.32","","0.75%"
"2025-05-15","19,538.86","19,422.89","19,557.62","19,371.54","","0.39%"
"2025-05-14","19,462.47","19,454.69","19,513.43","19,401.54","","0.05%"
"2025-05-13","19,452.92","19,346.14","19,519.65","19,330.06","","0.73%"
"2025-05-12","19,312.35","19,191.61","19,314.46","19,128.95","","3.29%"
"2025-05-09","18,698.09","18,762.73","18,806.01","18,651.06","","-0.06%"
"2025-05-08","18,708.76","18,702.70","18,888.34","18,608.81","","0.73%"
"2025-05-07","18,573.04","18,523.05","18,641.41","18,408.87","","0.42%"
"2025-05-06","18,495.10","18,505.07","18,630.19","18,426.30","","-0.78%"
"2025-05-05","18,640.91","18,662.46","18,751.23","18,590.09","","-0.60%"
"2025-05-02","18,754.03","18,632.25","18,800.43","18,611.21","","2.19%"
"2025-04-30","18,352.06","18,097.40","18,390.13","17,910.72","","0.09%"
"2025-04-29","18,335.40","18,157.86","18,372.08","18,155.94","","0.59%"
"2025-04-28","18,227.99","18,230.85","18,308.28","18,032.43","","0.11%"
"2025-04-25","18,208.51","18,083.39","18,215.23","17,991.01","","0.67%"
"2025-04-24","18,087.33","17,745.64","18,099.78","17,719.33","","2.07%"
"2025-04-23","17,720.83","17,721.24","18,037.04","17,659.26","","1.67%"
"2025-04-22","17,429.32","17,181.83","17,496.58","17,156.06","","2.56%"
"2025-04-21","16,994.87","17,236.48","17,243.27","2,961.74","","-2.35%"
"2025-04-17","17,404.13","17,433.30","17,543.38","17,310.20","","0.23%"
"2025-04-16","17,364.90","17,548.51","17,649.69","17,184.63","","-2.10%"
"2025-04-15","17,736.79","17,780.66","17,910.37","17,701.39","","-0.13%"
"2025-04-14","17,759.01","17,879.91","17,916.90","17,596.04","","0.82%"
"2025-04-11","17,614.03","17,265.06","17,660.93","17,150.77","","-1.84%"
"2025-04-09","17,944.08","16,333.55","18,019.03","16,261.55","","9.53%"
"2025-04-08","16,383.06","16,956.94","17,322.99","16,151.93","","-1.66%"
"2025-04-07","16,659.89","16,336.02","17,271.33","15,915.33","","-0.30%"
"2025-04-04","16,710.00","17,485.86","17,485.86","16,697.43","","-5.88%"
"2025-04-03","17,753.59","18,276.25","18,276.25","17,737.14","","-5.05%"
"2025-04-02","18,698.38","18,415.22","18,772.12","18,348.58","","0.80%"
"2025-04-01","18,549.74","18,436.47","18,609.97","18,299.60","","0.40%"
"2025-03-31","18,476.02","18,269.67","18,528.74","18,074.33","","0.46%"
"2025-03-28","18,392.31","18,736.99","18,737.12","18,361.08","","-1.99%"
"2025-03-27","18,765.66","18,804.21","18,900.06","18,701.89","","-0.41%"
"2025-03-26","18,842.18","19,043.16","19,080.58","18,784.23","","-1.14%"
"2025-03-25","19,058.54","19,043.57","19,098.79","19,007.63","","0.10%"
"2025-03-24","19,038.82","18,829.51","19,057.97","18,829.51","","1.89%"
"2025-03-21","18,686.42","18,587.35","18,695.40","18,480.08","","0.05%"
"2025-03-20","18,678.00","18,674.85","18,840.31","18,593.65","","-0.24%"
"2025-03-19","18,723.69","18,555.89","18,850.34","18,535.63","","1.16%"
"2025-03-18","18,509.09","18,682.89","18,682.89","18,452.37","","-1.08%"
"2025-03-17","18,710.28","18,553.95","18,800.16","18,545.60","","0.77%"
"2025-03-14","18,567.83","18,259.84","18,585.52","18,259.84","","2.23%"
"2025-03-13","18,163.30","18,420.84","18,420.84","18,104.06","","-1.45%"
"2025-03-12","18,430.92","18,498.20","18,579.90","18,261.06","","0.49%"
"2025-03-11","18,341.42","18,440.69","18,547.41","18,196.96","","-2.86%"
"2025-03-06","18,882.36","18,882.36","18,882.36","18,882.36","","-1.88%"
"2025-03-05","19,244.64","19,244.64","19,244.64","19,244.64","","1.16%"
"2025-03-04","19,024.80","19,024.80","19,024.80","19,024.80","","-1.22%"
"2025-03-03","19,260.61","19,260.61","19,260.61","19,260.61","","-1.83%"
"2025-02-28","19,620.49","19,620.49","19,620.49","19,620.49","","1.55%"
"2025-02-27","19,320.41","19,320.41","19,320.41","19,320.41","","-1.55%"
"2025-02-26","19,624.30","19,624.30","19,624.30","19,624.30","","0.05%"
"2025-02-25","19,615.23","19,615.23","19,615.23","19,615.23","","-0.50%"
"2025-02-24","19,714.38","19,714.38","19,714.38","19,714.38","","-0.51%"
"2025-02-21","19,816.43","19,816.43","19,816.43","19,816.43","","-1.88%"
"2025-02-20","20,196.88","20,196.88","20,196.88","20,196.88","","-0.52%"
"2025-02-19","20,303.09","20,303.09","20,303.09","20,303.09","","0.12%"
"2025-02-18","20,278.96","20,278.96","20,278.96","20,278.96","","0.28%"
"2025-02-14","20,222.28","20,222.28","20,222.28","20,222.28","","0.01%"
"2025-02-13","20,219.62","20,219.62","20,219.62","20,219.62","","1.06%"
"2025-02-12","20,007.87","20,007.87","20,007.87","20,007.87","","-0.31%"
"2025-02-11","20,069.95","20,069.95","20,069.95","20,069.95","","-0.07%"
"2025-02-10","20,084.80","20,084.80","20,084.80","20,084.80","","0.64%"
"2025-02-07","19,956.36","19,956.36","19,956.36","19,956.36","","-0.94%"
"2025-02-06","20,145.65","20,145.65","20,145.65","20,145.65","","0.29%"
"2025-02-05","20,086.98","20,086.98","20,086.98","20,086.98","","0.45%"
"2025-02-04","19,996.51","19,996.51","19,996.51","19,996.51","","0.75%"
"2025-02-03","19,848.23","19,848.23","19,848.23","19,848.23","","-0.78%"
"2025-01-31","20,003.84","20,003.84","20,003.84","20,003.84","","-0.51%"
"2025-01-30","20,106.08","20,106.08","20,106.08","20,106.08","","0.61%"
"2025-01-29","19,983.66","19,983.66","19,983.66","19,983.66","","-0.43%"
"2025-01-28","20,070.58","20,070.58","20,070.58","20,070.58","","0.88%"
"2025-01-27","19,896.02","19,896.02","19,896.02","19,896.02","","-1.42%"
"2025-01-24","20,183.04","20,183.04","20,183.04","20,183.04","","-0.25%"
"2025-01-23","20,233.19","20,233.19","20,233.19","20,233.19","","0.51%"
"2025-01-22","20,131.46","20,131.46","20,131.46","20,131.46","","0.49%"
"2025-01-21","20,033.63","20,033.63","20,033.63","20,033.63","","0.99%"
"2025-01-17","19,838.05","19,838.05","19,838.05","19,838.05","","0.95%"
"2025-01-16","19,652.04","19,652.04","19,652.04","19,652.04","","-0.09%"
"2025-01-15","19,669.65","19,669.65","19,669.65","19,669.65","","1.84%"
"2025-01-14","19,315.10","19,315.10","19,315.10","19,315.10","","0.24%"
"2025-01-13","19,268.55","19,268.55","19,268.55","19,268.55","","0.19%"
"2025-01-10","19,231.18","19,231.18","19,231.18","19,231.18","","-1.54%"
"2025-01-08","19,531.89","19,531.89","19,531.89","19,531.89","","0.13%"
"2025-01-07","19,506.89","19,506.89","19,506.89","19,506.89","","-1.10%"
"2025-01-06","19,723.14","19,723.14","19,723.14","19,723.14","","0.53%"
"2025-01-03","19,618.87","19,428.11","19,637.34","19,428.11","","1.32%"
"2025-01-02","19,362.67","19,463.52","19,578.54","19,240.10","","-0.15%"
"2024-12-31","19,391.68","19,506.64","19,550.33","19,351.20","","-0.38%"
"2024-12-30","19,465.91","19,517.80","19,571.86","19,335.98","","-1.04%"
"2024-12-27","19,671.48","19,807.62","19,807.62","19,549.18","","-1.13%"
"2024-12-26","19,895.34","19,834.02","19,927.02","19,786.08","","0.02%"
"2024-12-24","19,890.75","19,708.34","19,890.90","19,703.92","","1.08%"
"2024-12-23","19,677.32","19,570.54","19,687.94","19,454.77","","0.61%"
"2024-12-20","19,557.91","19,557.91","19,557.91","19,557.91","","1.10%"
"2024-12-19","19,344.56","19,344.56","19,344.56","19,344.56","","-0.11%"
"2024-12-18","19,366.22","19,366.22","19,366.22","19,366.22","","-3.15%"
"2024-12-17","19,996.77","19,996.77","19,996.77","19,996.77","","-0.49%"
"2024-12-16","20,094.59","20,094.59","20,094.59","20,094.59","","0.41%"
"2024-12-13","20,011.92","20,011.92","20,011.92","20,011.92","","-0.05%"
"2024-12-12","20,021.93","20,021.93","20,021.93","20,021.93","","-0.59%"
"2024-12-11","20,139.96","20,139.96","20,139.96","20,139.96","","0.83%"
"2024-12-10","19,974.24","19,974.24","19,974.24","19,974.24","","-0.38%"
"2024-12-09","20,049.64","20,049.64","20,049.64","20,049.64","","-0.69%"
"2024-12-06","20,188.09","20,188.09","20,188.09","20,188.09","","0.31%"
"2024-12-05","20,125.11","20,125.11","20,125.11","20,125.11","","-0.29%"
"2024-12-04","20,184.44","20,184.44","20,184.44","20,184.44","","0.68%"
"2024-12-03","20,048.30","20,048.30","20,048.30","20,048.30","","0.02%"
"2024-12-02","20,045.23","20,045.23","20,045.23","20,045.23","","0.21%"
"2024-11-29","20,003.08","20,003.08","20,003.08","20,003.08","","0.51%"
"2024-11-27","19,901.13","19,901.13","19,901.13","19,901.13","","-0.34%"
"2024-11-26","19,968.90","19,968.90","19,968.90","19,968.90","","0.42%"
"2024-11-25","19,885.42","19,885.42","19,885.42","19,885.42","","0.44%"
"2024-11-22","19,797.47","19,797.47","19,797.47","19,797.47","","0.54%"
"2024-11-21","19,690.76","19,690.76","19,690.76","19,690.76","","0.69%"
"2024-11-20","19,555.09","19,555.09","19,555.09","19,555.09","","0.06%"
"2024-11-19","19,544.10","19,544.10","19,544.10","19,544.10","","0.46%"
"2024-11-18","19,455.39","19,455.39","19,455.39","19,455.39","","0.42%"
"2024-11-15","19,374.88","19,374.88","19,374.88","19,374.88","","-1.30%"
"2024-11-14","19,630.88","19,630.88","19,630.88","19,630.88","","-0.67%"
"2024-11-13","19,763.38","19,763.38","19,763.38","19,763.38","","-0.05%"
"2024-11-12","19,773.93","19,773.93","19,773.93","19,773.93","","-0.39%"
"2024-11-11","19,850.63","19,850.63","19,850.63","19,850.63","","0.31%"
"2024-11-08","19,788.76","19,788.76","19,788.76","19,788.76","","0.44%"
"2024-11-07","19,702.24","19,702.24","19,702.24","19,702.24","","0.69%"
"2024-11-06","19,567.26","19,567.26","19,567.26","19,567.26","","2.81%"
"2024-11-05","19,033.16","19,033.16","19,033.16","19,033.16","","1.30%"
"2024-11-04","18,789.00","18,789.00","18,789.00","18,789.00","","-0.22%"
"2024-11-01","18,830.70","18,830.70","18,830.70","18,830.70","","0.40%"
"2024-10-31","18,755.39","18,755.39","18,755.39","18,755.39","","-1.79%"
"2024-10-30","19,096.98","19,096.98","19,096.98","19,096.98","","-0.29%"
"2024-10-29","19,152.35","19,152.35","19,152.35","19,152.35","","0.15%"
"2024-10-28","19,124.13","19,124.13","19,124.13","19,124.13","","0.39%"
"2024-10-25","19,049.21","19,049.21","19,049.21","19,049.21","","-0.09%"
"2024-10-24","19,066.35","19,066.35","19,066.35","19,066.35","","0.24%"
"2024-10-23","19,020.91","19,020.91","19,020.91","19,020.91","","-0.89%"
"2024-10-22","19,191.46","19,191.46","19,191.46","19,191.46","","-0.10%"
"2024-10-21","19,210.26","19,210.26","19,210.26","19,210.26","","-0.31%"
"2024-10-18","19,270.60","19,270.60","19,270.60","19,270.60","","0.38%"
"2024-10-17","19,198.48","19,198.48","19,198.48","19,198.48","","-0.03%"
"2024-10-16","19,203.61","19,203.61","19,203.61","19,203.61","","0.54%"
"2024-10-15","19,099.83","19,099.83","19,099.83","19,099.83","","-0.67%"
"2024-10-14","19,227.98","19,227.98","19,227.98","19,227.98","","0.75%"
"2024-10-11","19,085.42","19,085.42","19,085.42","19,085.42","","0.76%"
"2024-10-10","18,941.57","18,941.57","18,941.57","18,941.57","","-0.19%"
"2024-10-09","18,978.51","18,978.51","18,978.51","18,978.51","","0.70%"
"2024-10-08","18,847.35","18,847.35","18,847.35","18,847.35","","0.87%"
"2024-10-07","18,685.64","18,685.64","18,685.64","18,685.64","","-0.95%"
"2024-10-04","18,864.23","18,864.23","18,864.23","18,864.23","","0.98%"
"2024-10-03","18,681.31","18,681.31","18,681.31","18,681.31","","-0.21%"
"2024-10-02","18,720.61","18,720.61","18,720.61","18,720.61","","0.02%"
"2024-10-01","18,717.64","18,717.64","18,717.64","18,717.64","","-0.93%"
"2024-09-30","18,894.14","18,894.14","18,894.14","18,894.14","","0.39%"
"2024-09-27","18,821.02","18,821.02","18,821.02","18,821.02","","-0.06%"
"2024-09-26","18,832.88","18,832.88","18,832.88","18,832.88","","0.43%"
"2024-09-25","18,751.87","18,751.87","18,751.87","18,751.87","","-0.29%"
"2024-09-24","18,806.01","18,806.01","18,806.01","18,806.01","","0.24%"
"2024-09-23","18,760.94","18,760.94","18,760.94","18,760.94","","0.26%"
"2024-09-20","18,712.48","18,712.48","18,712.48","18,712.48","","-0.25%"
"2024-09-19","18,759.96","18,759.96","18,759.96","18,759.96","","1.74%"
"2024-09-18","18,439.22","18,439.22","18,439.22","18,439.22","","-0.24%"
"2024-09-17","18,483.55","18,483.55","18,483.55","18,483.55","","0.09%"
"2024-09-16","18,466.68","18,466.68","18,466.68","18,466.68","","0.20%"
"2024-09-13","18,429.71","18,429.71","18,429.71","18,429.71","","0.72%"
"2024-09-12","18,298.54","18,298.54","18,298.54","18,298.54","","0.79%"
"2024-09-11","18,155.59","18,155.59","18,155.59","18,155.59","","1.02%"
"2024-09-10","17,972.66","17,972.66","17,972.66","17,972.66","","0.40%"
"2024-09-09","17,901.64","17,901.64","17,901.64","17,901.64","","1.10%"
"2024-09-06","17,707.46","17,707.46","17,707.46","17,707.46","","-1.71%"
"2024-09-05","18,016.44","18,016.44","18,016.44","18,016.44","","-0.33%"
"2024-09-04","18,075.43","18,075.43","18,075.43","18,075.43","","-0.18%"
"2024-09-03","18,107.45","18,107.45","18,107.45","18,107.45","","-2.18%"
"2024-08-30","18,511.22","18,511.22","18,511.22","18,511.22","","0.99%"
"2024-08-29","18,329.26","18,329.26","18,329.26","18,329.26","","0.09%"
"2024-08-28","18,312.65","18,312.65","18,312.65","18,312.65","","-0.62%"
"2024-08-27","18,426.33","18,426.33","18,426.33","18,426.33","","0.10%"
"2024-08-26","18,408.45","18,408.45","18,408.45","18,408.45","","-0.30%"
"2024-08-23","18,464.13","18,464.13","18,464.13","18,464.13","","1.32%"
"2024-08-22","18,223.56","18,223.56","18,223.56","18,223.56","","-0.89%"
"2024-08-21","18,387.40","18,387.40","18,387.40","18,387.40","","0.54%"
"2024-08-20","18,288.59","18,288.59","18,288.59","18,288.59","","-0.29%"
"2024-08-19","18,341.07","18,341.07","18,341.07","18,341.07","","0.99%"
"2024-08-16","18,161.43","18,161.43","18,161.43","18,161.43","","0.21%"
"2024-08-15","18,122.64","18,122.64","18,122.64","18,122.64","","1.71%"
"2024-08-14","17,818.51","17,818.51","17,818.51","17,818.51","","0.33%"
"2024-08-13","17,759.26","17,759.26","17,759.26","17,759.26","","1.68%"
"2024-08-12","17,465.40","17,465.40","17,465.40","17,465.40","","-0.09%"
"2024-08-09","17,480.88","17,480.88","17,480.88","17,480.88","","0.45%"
"2024-08-08","17,403.09","17,403.09","17,403.09","17,403.09","","2.36%"
"2024-08-07","17,002.65","17,002.65","17,002.65","17,002.65","","-0.80%"
"2024-08-06","17,140.46","17,140.46","17,140.46","17,140.46","","1.05%"
"2024-08-05","16,962.41","16,962.41","16,962.41","16,962.41","","-2.99%"
"2024-08-02","17,484.39","17,484.39","17,484.39","17,484.39","","-2.02%"
"2024-08-01","17,843.97","17,843.97","17,843.97","17,843.97","","-1.51%"
"2024-07-31","18,116.84","18,116.84","18,116.84","18,116.84","","1.46%"
"2024-07-30","17,855.84","17,855.84","17,855.84","17,855.84","","-0.41%"
"2024-07-29","17,929.37","17,929.37","17,929.37","17,929.37","","0.01%"
"2024-07-26","17,927.22","17,927.22","17,927.22","17,927.22","","1.17%"
"2024-07-25","17,720.26","17,720.26","17,720.26","17,720.26","","-0.31%"
"2024-07-24","17,775.40","17,775.40","17,775.40","17,775.40","","-2.34%"
"2024-07-23","18,200.63","18,200.63","18,200.63","18,200.63","","-0.05%"
"2024-07-22","18,209.69","18,209.69","18,209.69","18,209.69","","1.10%"
"2024-07-19","18,010.85","18,010.85","18,010.85","18,010.85","","-0.64%"
"2024-07-18","18,127.25","18,127.25","18,127.25","18,127.25","","-0.88%"
"2024-07-17","18,288.97","18,288.97","18,288.97","18,288.97","","-1.41%"
"2024-07-16","18,550.16","18,550.16","18,550.16","18,550.16","","0.89%"
"2024-07-15","18,387.12","18,387.12","18,387.12","18,387.12","","0.40%"
"2024-07-12","18,313.29","18,313.29","18,313.29","18,313.29","","0.61%"
"2024-07-11","18,203.04","18,203.04","18,203.04","18,203.04","","-0.47%"
"2024-07-10","18,289.07","18,289.07","18,289.07","18,289.07","","1.00%"
"2024-07-09","18,107.49","18,107.49","18,107.49","18,107.49","","0.00%"
"2024-07-08","18,107.75","18,107.75","18,107.75","18,107.75","","0.13%"
"2024-07-05","18,085.08","18,085.08","18,085.08","18,085.08","","0.46%"
"2024-07-03","18,002.70","18,002.70","18,002.70","18,002.70","","0.48%"
"2024-07-02","17,917.31","17,917.31","17,917.31","17,917.31","","0.57%"
"2024-07-01","17,815.18","17,815.18","17,815.18","17,815.18","","0.16%"
"2024-06-28","17,786.22","17,786.22","17,786.22","17,786.22","","-0.30%"
"2024-06-27","17,839.66","17,839.66","17,839.66","17,839.66","","0.17%"
"2024-06-26","17,810.06","17,810.06","17,810.06","17,810.06","","0.12%"
"2024-06-25","17,788.60","17,788.60","17,788.60","17,788.60","","0.28%"
"2024-06-24","17,739.06","17,739.06","17,739.06","17,739.06","","-0.19%"
"2024-06-21","17,773.07","17,773.07","17,773.07","17,773.07","","-0.10%"
"2024-06-20","17,790.00","17,790.00","17,790.00","17,790.00","","-0.24%"
"2024-06-18","17,832.22","17,832.22","17,832.22","17,832.22","","0.23%"
"2024-06-17","17,790.56","17,790.56","17,790.56","17,790.56","","0.77%"
"2024-06-14","17,655.41","17,655.41","17,655.41","17,655.41","","-0.15%"
"2024-06-13","17,682.71","17,682.71","17,682.71","17,682.71","","0.07%"
"2024-06-12","17,669.82","17,669.82","17,669.82","17,669.82","","0.92%"
"2024-06-11","17,508.67","17,508.67","17,508.67","17,508.67","","0.21%"
"2024-06-10","17,471.89","17,471.89","17,471.89","17,471.89","","0.30%"
"2024-06-07","17,420.43","17,420.43","17,420.43","17,420.43","","-0.20%"
"2024-06-06","17,454.93","17,454.93","17,454.93","17,454.93","","-0.06%"
"2024-06-05","17,466.12","17,466.12","17,466.12","17,466.12","","1.20%"
"2024-06-04","17,258.74","17,258.74","17,258.74","17,258.74","","0.00%"
"2024-06-03","17,259.12","17,259.12","17,259.12","17,259.12","","0.04%"
"2024-05-31","17,252.13","17,252.13","17,252.13","17,252.13","","0.76%"
"2024-05-30","17,121.82","17,121.82","17,121.82","17,121.82","","-0.44%"
"2024-05-29","17,197.77","17,197.77","17,197.77","17,197.77","","-0.80%"
"2024-05-28","17,336.43","17,336.43","17,336.43","17,336.43","","-0.05%"
"2024-05-24","17,345.67","17,345.67","17,345.67","17,345.67","","0.72%"
"2024-05-23","17,221.73","17,221.73","17,221.73","17,221.73","","-0.84%"
"2024-05-22","17,368.43","17,368.43","17,368.43","17,368.43","","-0.33%"
"2024-05-21","17,426.40","17,426.40","17,426.40","17,426.40","","0.18%"
"2024-05-20","17,394.66","17,394.66","17,394.66","17,394.66","","0.12%"
"2024-05-17","17,373.07","17,373.07","17,373.07","17,373.07","","0.12%"
"2024-05-16","17,351.94","17,351.94","17,351.94","17,351.94","","-0.25%"
"2024-05-15","17,395.36","17,395.36","17,395.36","17,395.36","","1.17%"
"2024-05-14","17,193.80","17,193.80","17,193.80","17,193.80","","0.56%"
"2024-05-13","17,097.57","17,097.57","17,097.57","17,097.57","","-0.02%"
"2024-05-10","17,101.17","17,101.17","17,101.17","17,101.17","","0.11%"
"2024-05-09","17,081.57","17,081.57","17,081.57","17,081.57","","0.58%"
"2024-05-08","16,983.65","16,983.65","16,983.65","16,983.65","","-0.07%"
"2024-05-07","16,994.70","16,994.70","16,994.70","16,994.70","","0.10%"
"2024-05-06","16,977.39","16,977.39","16,977.39","16,977.39","","1.08%"
"2024-05-03","16,795.36","16,795.36","16,795.36","16,795.36","","1.20%"
"2024-05-02","16,596.85","16,596.85","16,596.85","16,596.85","","0.99%"
"2024-05-01","16,434.35","16,434.35","16,434.35","16,434.35","","-0.24%"
"2024-04-30","16,473.80","16,473.80","16,473.80","16,473.80","","-1.63%"
"2024-04-29","16,747.24","16,747.24","16,747.24","16,747.24","","0.34%"
"2024-04-26","16,690.26","16,690.26","16,690.26","16,690.26","","0.98%"
"2024-04-25","16,528.71","16,528.71","16,528.71","16,528.71","","-0.47%"
"2024-04-24","16,607.45","16,607.45","16,607.45","16,607.45","","-0.01%"
"2024-04-23","16,609.12","16,609.12","16,609.12","16,609.12","","1.28%"
"2024-04-22","16,399.67","16,399.67","16,399.67","16,399.67","","0.88%"
"2024-04-19","16,256.07","16,256.07","16,256.07","16,256.07","","-0.74%"
"2024-04-18","16,378.02","16,378.02","16,378.02","16,378.02","","-0.21%"
"2024-04-17","16,412.69","16,412.69","16,412.69","16,412.69","","-0.61%"
"2024-04-16","16,513.23","16,513.23","16,513.23","16,513.23","","-0.24%"
"2024-04-15","16,552.64","16,552.64","16,552.64","16,552.64","","-1.26%"
"2024-04-12","16,763.52","16,763.52","16,763.52","16,763.52","","-1.49%"
"2024-04-11","17,016.67","17,016.67","17,016.67","17,016.67","","0.70%"
"2024-04-10","16,897.90","16,897.90","16,897.90","16,897.90","","-1.07%"
"2024-04-09","17,081.18","17,081.18","17,081.18","17,081.18","","0.16%"
"2024-04-08","17,053.58","17,053.58","17,053.58","17,053.58","","0.03%"
"2024-04-05","17,047.64","17,047.64","17,047.64","17,047.64","","1.08%"
"2024-04-04","16,865.52","16,865.52","16,865.52","16,865.52","","-1.19%"
"2024-04-03","17,069.33","17,069.33","17,069.33","17,069.33","","0.16%"
"2024-04-02","17,042.77","17,042.77","17,042.77","17,042.77","","-0.81%"
"2024-04-01","17,182.50","17,182.50","17,182.50","17,182.50","","-0.29%"
"2024-03-28","17,232.04","17,232.04","17,232.04","17,232.04","","0.14%"
"2024-03-27","17,207.70","17,207.70","17,207.70","17,207.70","","0.96%"
"2024-03-26","17,044.32","17,044.32","17,044.32","17,044.32","","-0.24%"
"2024-03-25","17,085.52","17,085.52","17,085.52","17,085.52","","-0.26%"
"2024-03-22","17,129.54","17,129.54","17,129.54","17,129.54","","-0.25%"
"2024-03-21","17,172.28","17,172.28","17,172.28","17,172.28","","0.40%"
"2024-03-20","17,103.85","17,103.85","17,103.85","17,103.85","","1.01%"
"2024-03-19","16,932.12","16,932.12","16,932.12","16,932.12","","0.57%"
"2024-03-18","16,836.93","16,836.93","16,836.93","16,836.93","","0.53%"
"2024-03-15","16,748.52","16,748.52","16,748.52","16,748.52","","-0.56%"
"2024-03-14","16,843.44","16,843.44","16,843.44","16,843.44","","-0.41%"
"2024-03-13","16,913.26","16,913.26","16,913.26","16,913.26","","-0.12%"
"2024-03-12","16,934.10","16,934.10","16,934.10","16,934.10","","1.00%"
"2024-03-11","16,765.81","16,765.81","16,765.81","16,765.81","","-0.17%"
"2024-03-08","16,794.20","16,794.20","16,794.20","16,794.20","","-0.61%"
"2024-03-07","16,896.50","16,896.50","16,896.50","16,896.50","","1.01%"
"2024-03-06","16,726.84","16,726.84","16,726.84","16,726.84","","0.57%"
"2024-03-05","16,632.85","16,632.85","16,632.85","16,632.85","","-1.04%"
"2024-03-04","16,807.21","16,807.21","16,807.21","16,807.21","","-0.10%"
"2024-03-01","16,824.20","16,824.20","16,824.20","16,824.20","","0.78%"
"2024-02-29","16,693.54","16,693.54","16,693.54","16,693.54","","0.55%"
"2024-02-28","16,602.62","16,602.62","16,602.62","16,602.62","","-0.19%"
"2024-02-27","16,633.39","16,633.39","16,633.39","16,633.39","","0.26%"
"2024-02-26","16,589.71","16,589.71","16,589.71","16,589.71","","-0.28%"
"2024-02-23","16,636.67","16,636.67","16,636.67","16,636.67","","0.07%"
"2024-02-22","16,625.76","16,625.76","16,625.76","16,625.76","","1.99%"
"2024-02-21","16,300.59","16,300.59","16,300.59","16,300.59","","0.05%"
"2024-02-20","16,292.98","16,292.98","16,292.98","16,292.98","","-0.67%"
"2024-02-16","16,402.81","16,402.81","16,402.81","16,402.81","","-0.52%"
"2024-02-15","16,488.75","16,488.75","16,488.75","16,488.75","","0.74%"
"2024-02-14","16,367.76","16,367.76","16,367.76","16,367.76","","1.14%"
"2024-02-13","16,183.97","16,183.97","16,183.97","16,183.97","","-1.56%"
"2024-02-12","16,440.61","16,440.61","16,440.61","16,440.61","","0.04%"
"2024-02-09","16,433.30","16,433.30","16,433.30","16,433.30","","0.65%"
"2024-02-08","16,327.20","16,327.20","16,327.20","16,327.20","","0.23%"
"2024-02-07","16,290.23","16,290.23","16,290.23","16,290.23","","0.78%"
"2024-02-06","16,164.52","16,164.52","16,164.52","16,164.52","","0.33%"
"2024-02-05","16,111.51","16,111.51","16,111.51","16,111.51","","-0.45%"
"2024-02-02","16,184.58","16,184.58","16,184.58","16,184.58","","0.93%"
"2024-02-01","16,034.80","16,034.80","16,034.80","16,034.80","","1.25%"
"2024-01-31","15,836.32","15,836.32","15,836.32","15,836.32","","-1.68%"
"2024-01-30","16,106.18","16,106.18","16,106.18","16,106.18","","-0.13%"
"2024-01-29","16,127.20","16,127.20","16,127.20","16,127.20","","0.87%"
"2024-01-26","15,988.65","15,988.65","15,988.65","15,988.65","","-0.03%"
"2024-01-25","15,992.85","15,992.85","15,992.85","15,992.85","","0.53%"
"2024-01-24","15,908.88","15,908.88","15,908.88","15,908.88","","-0.03%"
"2024-01-23","15,913.90","15,913.90","15,913.90","15,913.90","","0.21%"
"2024-01-22","15,879.90","15,879.90","15,879.90","15,879.90","","0.39%"
"2024-01-19","15,817.99","15,817.99","15,817.99","15,817.99","","1.22%"
"2024-01-18","15,627.73","15,627.73","15,627.73","15,627.73","","0.85%"
"2024-01-17","15,495.45","15,495.45","15,495.45","15,495.45","","-0.58%"
"2024-01-16","15,586.48","15,586.48","15,586.48","15,586.48","","-0.44%"
"2024-01-12","15,656.02","15,656.02","15,656.02","15,656.02","","0.04%"
"2024-01-11","15,649.06","15,649.06","15,649.06","15,649.06","","-0.11%"
"2024-01-10","15,666.67","15,666.67","15,666.67","15,666.67","","0.52%"
"2024-01-09","15,585.60","15,585.60","15,585.60","15,585.60","","-0.20%"
"2024-01-08","15,617.00","15,617.00","15,617.00","15,617.00","","1.47%"
"2024-01-05","15,390.64","15,390.64","15,390.64","15,390.64","","0.17%"
"2024-01-04","15,363.79","15,363.79","15,363.79","15,363.79","","-0.28%"
"2024-01-03","15,406.48","15,406.48","15,406.48","15,406.48","","-1.02%"
"2024-01-02","15,564.48","15,564.48","15,564.48","15,564.48","","-0.63%"
"2023-12-29","15,662.73","15,662.73","15,662.73","15,662.73","","-0.41%"
"2023-12-28","15,726.97","15,726.97","15,726.97","15,726.97","","0.03%"
"2023-12-27","15,722.07","15,722.07","15,722.07","15,722.07","","0.17%"
"2023-12-26","15,695.30","15,695.30","15,695.30","15,695.30","","0.49%"
"2023-12-22","15,618.14","15,618.14","15,618.14","15,618.14","","0.22%"
"2023-12-21","15,583.21","15,583.21","15,583.21","15,583.21","","1.11%"
"2023-12-20","15,412.66","15,412.66","15,412.66","15,412.66","","-1.51%"
"2023-12-19","15,649.66","15,649.66","15,649.66","15,649.66","","0.73%"
"2023-12-18","15,536.91","15,536.91","15,536.91","15,536.91","","0.40%"
"2023-12-15","15,474.66","15,474.66","15,474.66","15,474.66","","-0.09%"
"2023-12-14","15,489.04","15,489.04","15,489.04","15,489.04","","0.57%"
"2023-12-13","15,400.95","15,400.95","15,400.95","15,400.95","","1.56%"
"2023-12-12","15,164.48","15,164.48","15,164.48","15,164.48","","0.41%"
"2023-12-11","15,102.97","15,102.97","15,102.97","15,102.97","","0.39%"
"2023-12-08","15,044.21","15,044.21","15,044.21","15,044.21","","0.45%"
"2023-12-07","14,976.94","14,976.94","14,976.94","14,976.94","","0.80%"
"2023-12-06","14,858.60","14,858.60","14,858.60","14,858.60","","-0.36%"
"2023-12-05","14,912.87","14,912.87","14,912.87","14,912.87","","-0.20%"
"2023-12-04","14,943.44","14,943.44","14,943.44","14,943.44","","-0.39%"
"2023-12-01","15,001.39","15,001.39","15,001.39","15,001.39","","0.86%"
"2023-11-30","14,873.80","14,873.80","14,873.80","14,873.80","","0.42%"
"2023-11-29","14,812.13","14,812.13","14,812.13","14,812.13","","0.05%"
"2023-11-28","14,804.95","14,804.95","14,804.95","14,804.95","","0.07%"
"2023-11-27","14,795.15","14,795.15","14,795.15","14,795.15","","-0.19%"
"2023-11-24","14,823.65","14,823.65","14,823.65","14,823.65","","0.13%"
"2023-11-22","14,804.21","14,804.21","14,804.21","14,804.21","","0.44%"
"2023-11-21","14,738.77","14,738.77","14,738.77","14,738.77","","-0.29%"
"2023-11-20","14,781.32","14,781.32","14,781.32","14,781.32","","0.74%"
"2023-11-17","14,673.15","14,673.15","14,673.15","14,673.15","","0.25%"
"2023-11-16","14,636.25","14,636.25","14,636.25","14,636.25","","-0.03%"
"2023-11-15","14,640.50","14,640.50","14,640.50","14,640.50","","0.19%"
"2023-11-14","14,612.41","14,612.41","14,612.41","14,612.41","","2.25%"
"2023-11-13","14,291.49","14,291.49","14,291.49","14,291.49","","-0.07%"
"2023-11-10","14,300.83","14,300.83","14,300.83","14,300.83","","1.52%"
"2023-11-09","14,087.14","14,087.14","14,087.14","14,087.14","","-0.87%"
"2023-11-08","14,210.32","14,210.32","14,210.32","14,210.32","","0.00%"
"2023-11-07","14,209.61","14,209.61","14,209.61","14,209.61","","0.30%"
"2023-11-06","14,167.07","14,167.07","14,167.07","14,167.07","","0.00%"
"2023-11-03","14,167.52","14,167.52","14,167.52","14,167.52","","1.14%"
"2023-11-02","14,007.37","14,007.37","14,007.37","14,007.37","","1.97%"
"2023-11-01","13,737.38","13,737.38","13,737.38","13,737.38","","0.97%"
"2023-10-31","13,605.14","13,605.14","13,605.14","13,605.14","","0.69%"
"2023-10-30","13,512.26","13,512.26","13,512.26","13,512.26","","1.16%"
"2023-10-27","13,357.82","13,357.82","13,357.82","13,357.82","","-0.56%"
"2023-10-26","13,432.68","13,432.68","13,432.68","13,432.68","","-1.02%"
"2023-10-25","13,571.40","13,571.40","13,571.40","13,571.40","","-1.52%"
"2023-10-24","13,781.32","13,781.32","13,781.32","13,781.32","","0.75%"
"2023-10-23","13,678.14","13,678.14","13,678.14","13,678.14","","-0.25%"
"2023-10-20","13,712.64","13,712.64","13,712.64","13,712.64","","-1.26%"
"2023-10-19","13,887.15","13,887.15","13,887.15","13,887.15","","-0.92%"
"2023-10-18","14,015.44","14,015.44","14,015.44","14,015.44","","-1.46%"
"2023-10-17","14,223.76","14,223.76","14,223.76","14,223.76","","0.12%"
"2023-10-16","14,207.22","14,207.22","14,207.22","14,207.22","","1.14%"
"2023-10-13","14,047.09","14,047.09","14,047.09","14,047.09","","-0.55%"
"2023-10-12","14,124.55","14,124.55","14,124.55","14,124.55","","-0.80%"
"2023-10-11","14,238.13","14,238.13","14,238.13","14,238.13","","0.39%"
"2023-10-10","14,182.66","14,182.66","14,182.66","14,182.66","","0.60%"
"2023-10-09","14,097.92","14,097.92","14,097.92","14,097.92","","0.64%"
"2023-10-06","14,008.88","14,008.88","14,008.88","14,008.88","","1.21%"
"2023-10-05","13,841.71","13,841.71","13,841.71","13,841.71","","-0.11%"
"2023-10-04","13,856.67","13,856.67","13,856.67","13,856.67","","0.78%"
"2023-10-03","13,749.75","13,749.75","13,749.75","13,749.75","","-1.45%"
"2023-10-02","13,952.35","13,952.35","13,952.35","13,952.35","","-0.17%"
"2023-09-29","13,975.62","13,975.62","13,975.62","13,975.62","","-0.26%"
"2023-09-28","14,011.87","14,011.87","14,011.87","14,011.87","","0.65%"
"2023-09-27","13,920.71","13,920.71","13,920.71","13,920.71","","0.14%"
"2023-09-26","13,900.95","13,900.95","13,900.95","13,900.95","","-1.44%"
"2023-09-25","14,104.51","14,104.51","14,104.51","14,104.51","","0.40%"
"2023-09-22","14,048.49","14,048.49","14,048.49","14,048.49","","-0.22%"
"2023-09-21","14,079.40","14,079.40","14,079.40","14,079.40","","-1.69%"
"2023-09-20","14,321.04","14,321.04","14,321.04","14,321.04","","-0.90%"
"2023-09-19","14,450.92","14,450.92","14,450.92","14,450.92","","-0.24%"
"2023-09-18","14,485.86","14,485.86","14,485.86","14,485.86","","0.00%"
"2023-09-15","14,486.35","14,486.35","14,486.35","14,486.35","","-1.17%"
"2023-09-14","14,658.02","14,658.02","14,658.02","14,658.02","","0.89%"
"2023-09-13","14,529.02","14,529.02","14,529.02","14,529.02","","0.00%"
"2023-09-12","14,528.37","14,528.37","14,528.37","14,528.37","","-0.51%"
"2023-09-11","14,602.29","14,602.29","14,602.29","14,602.29","","0.65%"
"2023-09-08","14,507.85","14,507.85","14,507.85","14,507.85","","0.12%"
"2023-09-07","14,490.27","14,490.27","14,490.27","14,490.27","","-0.35%"
"2023-09-06","14,540.78","14,540.78","14,540.78","14,540.78","","-0.64%"
"2023-09-05","14,634.75","14,634.75","14,634.75","14,634.75","","-0.57%"
"2023-09-01","14,718.03","14,718.03","14,718.03","14,718.03","","0.30%"
"2023-08-31","14,674.63","14,674.63","14,674.63","14,674.63","","-0.09%"
"2023-08-30","14,688.19","14,688.19","14,688.19","14,688.19","","0.42%"
"2023-08-29","14,626.26","14,626.26","14,626.26","14,626.26","","1.48%"
"2023-08-28","14,412.47","14,412.47","14,412.47","14,412.47","","0.64%"
"2023-08-25","14,320.67","14,320.67","14,320.67","14,320.67","","0.66%"
"2023-08-24","14,226.41","14,226.41","14,226.41","14,226.41","","-1.35%"
"2023-08-23","14,420.91","14,420.91","14,420.91","14,420.91","","1.12%"
"2023-08-22","14,260.98","14,260.98","14,260.98","14,260.98","","-0.28%"
"2023-08-21","14,300.71","14,300.71","14,300.71","14,300.71","","0.61%"
"2023-08-18","14,214.63","14,214.63","14,214.63","14,214.63","","0.06%"
"2023-08-17","14,205.57","14,205.57","14,205.57","14,205.57","","-0.83%"
"2023-08-16","14,324.26","14,324.26","14,324.26","14,324.26","","-0.78%"
"2023-08-15","14,436.33","14,436.33","14,436.33","14,436.33","","-1.16%"
"2023-08-14","14,605.97","14,605.97","14,605.97","14,605.97","","0.51%"
"2023-08-11","14,532.28","14,532.28","14,532.28","14,532.28","","-0.08%"
"2023-08-10","14,544.42","14,544.42","14,544.42","14,544.42","","0.01%"
"2023-08-09","14,542.95","14,542.95","14,542.95","14,542.95","","-0.71%"
"2023-08-08","14,647.66","14,647.66","14,647.66","14,647.66","","-0.48%"
"2023-08-07","14,719.03","14,719.03","14,719.03","14,719.03","","0.82%"
"2023-08-04","14,598.92","14,598.92","14,598.92","14,598.92","","-0.48%"
"2023-08-03","14,669.23","14,669.23","14,669.23","14,669.23","","-0.26%"
"2023-08-02","14,706.94","14,706.94","14,706.94","14,706.94","","-1.43%"
"2023-08-01","14,919.98","14,919.98","14,919.98","14,919.98","","-0.29%"
"2023-07-31","14,963.48","14,963.48","14,963.48","14,963.48","","0.27%"
"2023-07-28","14,923.21","14,923.21","14,923.21","14,923.21","","1.07%"
"2023-07-27","14,765.17","14,765.17","14,765.17","14,765.17","","-0.74%"
"2023-07-26","14,875.13","14,875.13","14,875.13","14,875.13","","0.07%"
"2023-07-25","14,865.45","14,865.45","14,865.45","14,865.45","","0.25%"
"2023-07-24","14,827.67","14,827.67","14,827.67","14,827.67","","0.35%"
"2023-07-21","14,776.22","14,776.22","14,776.22","14,776.22","","0.00%"
"2023-07-20","14,776.44","14,776.44","14,776.44","14,776.44","","-0.73%"
"2023-07-19","14,885.33","14,845.45","14,924.15","14,845.45","","0.27%"
"2023-07-18","14,845.45","14,733.71","14,866.05","14,714.13","","0.76%"
"2023-07-17","14,733.71","14,665.12","14,765.37","14,663.68","","0.47%"
"2023-07-14","14,665.12","14,698.04","14,737.13","14,647.73","","-0.22%"
"2023-07-13","14,698.04","14,566.42","14,719.61","14,566.42","","0.90%"
"2023-07-12","14,566.42","14,459.34","14,615.13","14,459.34","","0.74%"
"2023-07-11","14,459.34","14,346.61","14,472.84","14,346.61","","0.79%"
"2023-07-10","14,346.61","14,288.27","14,348.88","14,274.63","","0.41%"
"2023-07-07","14,288.27","14,301.13","14,418.09","14,272.58","","-0.09%"
"2023-07-06","14,301.13","14,429.69","14,429.69","14,207.15","","-0.89%"
"2023-07-05","14,429.69","14,470.06","14,470.06","14,407.24","","-0.28%"
"2023-07-03","14,470.06","14,445.65","14,472.49","14,424.70","","0.17%"
"2023-06-30","14,445.65","14,281.94","14,471.08","14,281.94","","1.15%"
"2023-06-29","14,281.94","14,210.75","14,288.38","14,200.43","","0.50%"
"2023-06-28","14,210.75","14,204.78","14,250.19","14,152.46","","0.04%"
"2023-06-27","14,204.78","14,033.09","14,224.26","14,033.09","","1.22%"
"2023-06-26","14,033.09","14,083.25","14,138.62","14,044.79","","-0.36%"
"2023-06-23","14,083.25","14,200.55","14,200.55","14,063.58","","-0.83%"
"2023-06-22","14,200.55","14,163.59","14,199.86","14,113.39","","0.26%"
"2023-06-21","14,163.59","14,236.99","14,236.99","14,146.40","","-0.52%"
"2023-06-20","14,236.99","14,309.56","14,309.56","14,168.62","","-0.51%"
"2023-06-16","14,309.56","14,367.57","14,431.13","14,308.00","","-0.40%"
"2023-06-15","14,367.57","14,192.03","14,402.80","14,160.95","","1.24%"
"2023-06-14","14,192.03","14,192.39","14,262.11","14,083.18","","0.00%"
"2023-06-13","14,192.39","14,083.95","14,212.35","14,083.95","","0.77%"
"2023-06-12","14,083.95","13,956.86","14,088.77","13,956.86","","0.91%"
"2023-06-09","13,956.86","13,954.07","14,039.14","13,934.17","","0.02%"
"2023-06-08","13,954.07","13,880.54","13,961.71","13,848.88","","0.53%"
"2023-06-07","13,880.54","13,912.80","13,974.20","13,866.00","","-0.23%"
"2023-06-06","13,912.80","13,849.24","13,924.94","13,815.98","","0.46%"
"2023-06-05","13,849.24","13,887.59","13,928.76","13,828.18","","-0.28%"
"2023-06-02","13,887.59","13,658.84","13,908.94","13,658.84","","1.67%"
"2023-06-01","13,658.84","13,522.28","13,696.26","13,494.70","","1.01%"
"2023-05-31","13,522.28","13,603.82","13,603.82","13,471.04","","-0.60%"
"2023-05-30","13,603.82","13,602.83","13,687.64","13,561.20","","0.01%"
"2023-05-26","13,602.83","13,425.97","13,625.45","13,425.97","","1.32%"
"2023-05-25","13,425.97","13,337.45","13,466.88","13,337.45","","0.66%"
"2023-05-24","13,337.45","13,438.22","13,438.22","13,302.97","","-0.75%"
"2023-05-23","13,437.98","13,584.13","13,584.13","13,433.18","","-1.08%"
"2023-05-22","13,584.13","13,560.84","13,630.66","13,535.13","","0.17%"
"2023-05-19","13,560.84","13,560.84","13,560.84","13,560.84","","-0.22%"
"2023-05-18","13,591.00","13,591.00","13,591.00","13,591.00","","0.97%"
"2023-05-17","13,460.85","13,460.85","13,460.85","13,460.85","","1.31%"
"2023-05-16","13,287.06","13,287.06","13,287.06","13,287.06","","-0.77%"
"2023-05-15","13,389.94","13,389.94","13,389.94","13,389.94","","0.44%"
"2023-05-12","13,331.63","13,331.63","13,331.63","13,331.63","","-0.17%"
"2023-05-11","13,353.85","13,353.85","13,353.85","13,353.85","","-0.21%"
"2023-05-10","13,382.60","13,382.60","13,382.60","13,382.60","","0.46%"
"2023-05-09","13,321.62","13,321.62","13,321.62","13,321.62","","-0.41%"
"2023-05-08","13,377.01","13,377.01","13,377.01","13,377.01","","0.06%"
"2023-05-05","13,368.55","13,368.55","13,368.55","13,368.55","","1.90%"
"2023-05-04","13,119.70","13,119.70","13,119.70","13,119.70","","-0.75%"
"2023-05-03","13,219.00","13,219.00","13,219.00","13,219.00","","-0.59%"
"2023-05-02","13,297.99","13,297.99","13,297.99","13,297.99","","-1.25%"
"2023-05-01","13,466.37","13,466.37","13,466.37","13,466.37","","-0.03%"
"2023-04-28","13,469.87","13,469.87","13,469.87","13,469.87","","0.84%"
"2023-04-27","13,357.68","13,357.68","13,357.68","13,357.68","","1.88%"
"2023-04-26","13,110.97","13,110.97","13,110.97","13,110.97","","-0.40%"
"2023-04-25","13,164.26","13,164.26","13,164.26","13,164.26","","-1.69%"
"2023-04-24","13,390.75","13,390.75","13,390.75","13,390.75","","0.04%"
"2023-04-21","13,385.59","13,385.59","13,385.59","13,385.59","","0.08%"
"2023-04-20","13,375.14","13,375.14","13,375.14","13,375.14","","-0.59%"
"2023-04-19","13,454.54","13,454.54","13,454.54","13,454.54","","0.01%"
"2023-04-18","13,453.36","13,453.36","13,453.36","13,453.36","","0.06%"
"2023-04-17","13,445.04","13,445.04","13,445.04","13,445.04","","0.40%"
"2023-04-14","13,391.28","13,391.28","13,391.28","13,391.28","","-0.27%"
"2023-04-13","13,426.93","13,426.93","13,426.93","13,426.93","","1.32%"
"2023-04-12","13,252.30","13,252.30","13,252.30","13,252.30","","-0.45%"
"2023-04-11","13,312.67","13,312.67","13,312.67","13,312.67","","0.10%"
"2023-04-10","13,299.74","13,299.74","13,299.74","13,299.74","","0.21%"
"2023-04-06","13,271.33","13,271.33","13,271.33","13,271.33","","0.34%"
"2023-04-05","13,225.71","13,225.71","13,225.71","13,225.71","","-0.36%"
"2023-04-04","13,273.52","13,273.52","13,273.52","13,273.52","","-0.69%"
"2023-04-03","13,365.76","13,365.76","13,365.76","13,365.76","","0.28%"
"2023-03-31","13,327.87","13,327.87","13,327.87","13,327.87","","1.54%"
"2023-03-30","13,126.01","13,126.01","13,126.01","13,126.01","","0.54%"
"2023-03-29","13,055.50","13,055.50","13,055.50","13,055.50","","1.42%"
"2023-03-28","12,872.27","12,872.27","12,872.27","12,872.27","","-0.13%"
"2023-03-27","12,889.03","12,889.03","12,889.03","12,889.03","","0.27%"
"2023-03-24","12,853.87","12,853.87","12,853.87","12,853.87","","0.55%"
"2023-03-23","12,783.34","12,783.34","12,783.34","12,783.34","","0.22%"
"2023-03-22","12,755.67","12,755.97","12,755.97","12,755.97","","-1.78%"
"2023-03-21","12,987.18","12,987.49","12,987.49","12,987.49","","1.43%"
"2023-03-20","12,804.43","12,804.43","12,804.43","12,804.43","","0.90%"
"2023-03-17","12,690.56","12,690.56","12,690.56","12,690.56","","-1.26%"
"2023-03-16","12,852.34","12,852.34","12,852.34","12,852.34","","1.75%"
"2023-03-15","12,631.21","12,631.21","12,631.21","12,631.21","","-0.82%"
"2023-03-14","12,735.76","12,735.76","12,735.76","12,735.76","","1.70%"
"2023-03-13","12,522.88","12,522.88","12,522.88","12,522.88","","-0.32%"
"2023-03-10","12,562.49","12,562.49","12,562.49","12,562.49","","-1.69%"
"2023-03-09","12,779.07","12,779.07","12,779.07","12,779.07","","-1.99%"
"2023-03-08","13,037.95","13,037.95","13,037.95","13,037.95","","0.13%"
"2023-03-07","13,021.02","13,021.02","13,021.02","13,021.02","","-1.47%"
"2023-03-06","13,215.18","13,215.18","13,215.18","13,215.18","","-0.13%"
"2023-03-03","13,232.70","13,232.70","13,232.70","13,232.70","","1.61%"
"2023-03-02","13,023.17","13,023.17","13,023.17","13,023.17","","0.73%"
"2023-03-01","12,929.02","12,929.02","12,929.02","12,929.02","","-0.40%"
"2023-02-28","12,980.78","12,980.78","12,980.78","12,980.78","","-0.25%"
"2023-02-27","13,013.13","13,013.13","13,013.13","13,013.13","","0.31%"
"2023-02-24","12,972.99","12,972.99","12,972.99","12,972.99","","-1.05%"
"2023-02-23","13,110.23","13,110.23","13,110.23","13,110.23","","0.52%"
"2023-02-22","13,042.54","13,042.54","13,042.54","13,042.54","","-0.06%"
"2023-02-21","13,050.34","13,050.34","13,050.34","13,050.34","","-2.11%"
"2023-02-17","13,332.01","13,332.01","13,332.01","13,332.01","","-0.29%"
"2023-02-16","13,370.46","13,370.46","13,370.46","13,370.46","","-1.34%"
"2023-02-15","13,551.72","13,551.72","13,551.72","13,551.72","","0.48%"
"2023-02-14","13,486.33","13,486.33","13,486.33","13,486.33","","0.06%"
"2023-02-13","13,478.65","13,478.65","13,478.65","13,478.65","","1.16%"
"2023-02-10","13,323.63","13,323.63","13,323.63","13,323.63","","0.18%"
"2023-02-09","13,300.18","13,300.18","13,300.18","13,300.18","","-0.95%"
"2023-02-08","13,427.71","13,427.71","13,427.71","13,427.71","","-1.13%"
"2023-02-07","13,580.54","13,580.54","13,580.54","13,580.54","","1.25%"
"2023-02-06","13,413.27","13,413.27","13,413.27","13,413.27","","-0.71%"
"2023-02-03","13,509.20","13,509.20","13,509.20","13,509.20","","-1.07%"
"2023-02-02","13,655.42","13,655.42","13,655.42","13,655.42","","1.57%"
"2023-02-01","13,444.67","13,444.67","13,444.67","13,444.67","","1.15%"
"2023-01-31","13,291.43","13,291.43","13,291.43","13,291.43","","1.60%"
"2023-01-30","13,081.65","13,081.65","13,081.65","13,081.65","","-1.33%"
"2023-01-27","13,257.71","13,257.71","13,257.71","13,257.71","","0.33%"
"2023-01-26","13,214.34","13,214.34","13,214.34","13,214.34","","1.09%"
"2023-01-25","13,071.80","13,071.80","13,071.80","13,071.80","","0.01%"
"2023-01-24","13,070.23","13,070.23","13,070.23","13,070.23","","-0.13%"
"2023-01-23","13,087.72","13,087.72","13,087.72","13,087.72","","1.24%"
"2023-01-20","12,927.34","12,927.34","12,927.34","12,927.34","","1.93%"
"2023-01-19","12,682.47","12,682.47","12,682.47","12,682.47","","-0.81%"
"2023-01-18","12,786.00","12,786.00","12,786.00","12,786.00","","-1.54%"
"2023-01-17","12,985.92","12,985.92","12,985.92","12,985.92","","-0.16%"
"2023-01-13","13,006.29","13,006.29","13,006.29","13,006.29","","0.43%"
"2023-01-12","12,950.41","12,950.41","12,950.41","12,950.41","","0.49%"
"2023-01-11","12,887.10","12,887.10","12,887.10","12,887.10","","1.33%"
"2023-01-10","12,718.37","12,718.37","12,718.37","12,718.37","","0.78%"
"2023-01-09","12,620.33","12,620.33","12,620.33","12,620.33","","0.02%"
"2023-01-06","12,618.41","12,618.41","12,618.41","12,618.41","","2.25%"
"2023-01-05","12,340.86","12,340.86","12,340.86","12,340.86","","-1.18%"
"2023-01-04","12,487.65","12,487.65","12,487.65","12,487.65","","0.86%"
"2023-01-03","12,381.75","12,381.75","12,381.75","12,381.75","","-0.43%"
"2022-12-30","12,435.00","12,435.00","12,435.00","12,435.00","","-0.25%"
"2022-12-29","12,465.55","12,465.55","12,465.55","12,465.55","","1.87%"
"2022-12-28","12,236.99","12,236.99","12,236.99","12,236.99","","-1.24%"
"2022-12-27","12,390.46","12,390.46","12,390.46","12,390.46","","-0.42%"
"2022-12-23","12,443.03","12,443.03","12,443.03","12,443.03","","0.56%"
"2022-12-22","12,373.66","12,373.66","12,373.66","12,373.66","","-1.44%"
"2022-12-21","12,554.44","12,554.44","12,554.44","12,554.44","","1.52%"
"2022-12-20","12,366.41","12,366.41","12,366.41","12,366.41","","0.17%"
"2022-12-19","12,344.86","12,344.86","12,344.86","12,344.86","","-1.00%"
"2022-12-16","12,469.20","12,469.20","12,469.20","12,469.20","","-1.08%"
"2022-12-15","12,605.14","12,605.14","12,605.14","12,605.14","","-2.51%"
"2022-12-14","12,930.14","12,930.14","12,930.14","12,930.14","","-0.56%"
"2022-12-13","13,003.31","13,003.31","13,003.31","13,003.31","","0.75%"
"2022-12-12","12,906.16","12,906.16","12,906.16","12,906.16","","1.44%"
"2022-12-09","12,722.79","12,722.79","12,722.79","12,722.79","","-0.77%"
"2022-12-08","12,821.85","12,821.85","12,821.85","12,821.85","","0.79%"
"2022-12-07","12,721.32","12,721.32","12,721.32","12,721.32","","-0.20%"
"2022-12-06","12,746.57","12,746.57","12,746.57","12,746.57","","-1.46%"
"2022-12-05","12,935.67","12,935.67","12,935.67","12,935.67","","-1.96%"
"2022-12-02","13,194.85","13,194.85","13,194.85","13,194.85","","-0.07%"
"2022-12-01","13,203.99","13,203.99","13,203.99","13,203.99","","-0.03%"
"2022-11-30","13,208.40","13,208.40","13,208.40","13,208.40","","3.11%"
"2022-11-29","12,809.83","12,809.83","12,809.83","12,809.83","","-0.10%"
"2022-11-28","12,822.43","12,822.43","12,822.43","12,822.43","","-1.60%"
"2022-11-25","13,030.69","13,030.69","13,030.69","13,030.69","","0.02%"
"2022-11-23","13,028.04","13,028.04","13,028.04","13,028.04","","0.59%"
"2022-11-22","12,951.64","12,951.64","12,951.64","12,951.64","","1.35%"
"2022-11-21","12,778.99","12,778.99","12,778.99","12,778.99","","-0.43%"
"2022-11-18","12,834.37","12,834.37","12,834.37","12,834.37","","0.47%"
"2022-11-17","12,774.87","12,774.87","12,774.87","12,774.87","","-0.40%"
"2022-11-16","12,826.55","12,826.55","12,826.55","12,826.55","","-1.00%"
"2022-11-15","12,955.90","12,955.90","12,955.90","12,955.90","","1.01%"
"2022-11-14","12,825.95","12,825.95","12,825.95","12,825.95","","-0.96%"
"2022-11-11","12,949.98","12,949.98","12,949.98","12,949.98","","1.00%"
"2022-11-10","12,821.24","12,821.24","12,821.24","12,821.24","","5.74%"
"2022-11-09","12,124.73","12,124.73","12,124.73","12,124.73","","-2.15%"
"2022-11-08","12,391.06","12,391.06","12,391.06","12,391.06","","0.52%"
"2022-11-07","12,326.94","12,326.94","12,326.94","12,326.94","","0.91%"
"2022-11-04","12,216.17","12,216.17","12,216.17","12,216.17","","1.25%"
"2022-11-03","12,065.48","12,065.48","12,065.48","12,065.48","","-0.98%"
"2022-11-02","12,185.32","12,185.32","12,185.32","12,185.32","","-2.63%"
"2022-11-01","12,514.48","12,514.48","12,514.48","12,514.48","","-0.31%"
"2022-10-31","12,553.17","12,553.17","12,553.17","12,553.17","","-0.67%"
"2022-10-28","12,637.33","12,637.33","12,637.33","12,637.33","","2.37%"
"2022-10-27","12,344.66","12,344.66","12,344.66","12,344.66","","-0.50%"
"2022-10-26","12,407.18","12,407.18","12,407.18","12,407.18","","-0.64%"
"2022-10-25","12,486.88","12,486.88","12,486.88","12,486.88","","1.83%"
"2022-10-24","12,262.75","12,262.75","12,262.75","12,262.75","","1.05%"
"2022-10-21","12,134.88","12,134.88","12,134.88","12,134.88","","2.30%"
"2022-10-20","11,861.53","11,861.53","11,861.53","11,861.53","","-0.80%"
"2022-10-19","11,956.83","11,956.83","11,956.83","11,956.83","","-0.87%"
"2022-10-18","12,061.37","12,061.37","12,061.37","12,061.37","","1.19%"
"2022-10-17","11,919.53","11,919.53","11,919.53","11,919.53","","2.75%"
"2022-10-14","11,600.56","11,600.56","11,600.56","11,600.56","","-2.42%"
"2022-10-13","11,888.01","11,888.01","11,888.01","11,888.01","","2.48%"
"2022-10-12","11,600.20","11,600.20","11,600.20","11,600.20","","-0.30%"
"2022-10-11","11,635.29","11,635.29","11,635.29","11,635.29","","-0.62%"
"2022-10-10","11,708.00","11,708.00","11,708.00","11,708.00","","-0.80%"
"2022-10-07","11,802.29","11,802.29","11,802.29","11,802.29","","-2.85%"
"2022-10-06","12,148.85","12,148.85","12,148.85","12,148.85","","-0.92%"
"2022-10-05","12,261.84","12,261.84","12,261.84","12,261.84","","-0.24%"
"2022-10-04","12,291.39","12,291.39","12,291.39","12,291.39","","3.26%"
"2022-10-03","11,903.58","11,903.58","11,903.58","11,903.58","","2.60%"
"2022-09-30","11,601.76","11,601.76","11,601.76","11,601.76","","-1.36%"
"2022-09-29","11,761.64","11,761.64","11,761.64","11,761.64","","-2.12%"
"2022-09-28","12,016.63","12,016.63","12,016.63","12,016.63","","2.14%"
"2022-09-27","11,764.92","11,764.92","11,764.92","11,764.92","","-0.10%"
"2022-09-26","11,777.06","11,777.06","11,777.06","11,777.06","","-1.12%"
"2022-09-23","11,910.54","11,910.54","11,910.54","11,910.54","","-1.80%"
"2022-09-22","12,128.60","12,128.60","12,128.60","12,128.60","","-1.09%"
"2022-09-21","12,262.51","12,262.51","12,262.51","12,262.51","","-1.68%"
"2022-09-20","12,471.66","12,471.66","12,471.66","12,471.66","","-1.20%"
"2022-09-19","12,623.69","12,623.69","12,623.69","12,623.69","","0.71%"
"2022-09-16","12,535.31","12,535.31","12,535.31","12,535.31","","-0.90%"
"2022-09-15","12,649.76","12,649.76","12,649.76","12,649.76","","-1.06%"
"2022-09-14","12,785.38","12,785.38","12,785.38","12,785.38","","0.37%"
"2022-09-13","12,737.84","12,737.84","12,737.84","12,737.84","","-4.27%"
"2022-09-12","13,305.59","13,305.59","13,305.59","13,305.59","","1.08%"
"2022-09-09","13,163.81","13,163.81","13,163.81","13,163.81","","1.65%"
"2022-09-08","12,950.30","12,950.30","12,950.30","12,950.30","","0.76%"
"2022-09-07","12,853.13","12,853.13","12,853.13","12,853.13","","1.91%"
"2022-09-06","12,612.44","12,612.44","12,612.44","12,612.44","","-0.46%"
"2022-09-02","12,670.27","12,670.27","12,670.27","12,670.27","","-0.99%"
"2022-09-01","12,797.46","12,797.46","12,797.46","12,797.46","","0.08%"
"2022-08-31","12,787.53","12,787.53","12,787.53","12,787.53","","-0.74%"
"2022-08-30","12,882.54","12,882.54","12,882.54","12,882.54","","-1.12%"
"2022-08-29","13,027.95","13,027.95","13,027.95","13,027.95","","-0.70%"
"2022-08-26","13,119.53","13,119.53","13,119.53","13,119.53","","-3.35%"
"2022-08-25","13,574.48","13,574.48","13,574.48","13,574.48","","1.47%"
"2022-08-24","13,378.05","13,378.05","13,378.05","13,378.05","","0.39%"
"2022-08-23","13,326.48","13,326.48","13,326.48","13,326.48","","-0.17%"
"2022-08-22","13,349.30","13,349.30","13,349.30","13,349.30","","-2.13%"
"2022-08-19","13,640.16","13,640.16","13,640.16","13,640.16","","-1.44%"
"2022-08-18","13,839.18","13,839.18","13,839.18","13,839.18","","0.27%"
"2022-08-17","13,802.56","13,802.56","13,802.56","13,802.56","","-0.87%"
"2022-08-16","13,924.17","13,924.17","13,924.17","13,924.17","","0.17%"
"2022-08-15","13,899.88","13,899.88","13,899.88","13,899.88","","0.37%"
"2022-08-12","13,848.85","13,848.85","13,848.85","13,848.85","","1.76%"
"2022-08-11","13,609.12","13,609.12","13,609.12","13,609.12","","-0.05%"
"2022-08-10","13,615.53","13,615.53","13,615.53","13,615.53","","2.32%"
"2022-08-09","13,306.70","13,306.70","13,306.70","13,306.70","","-0.60%"
"2022-08-08","13,386.90","13,386.90","13,386.90","13,386.90","","0.04%"
"2022-08-05","13,382.12","13,382.12","13,382.12","13,382.12","","0.00%"
"2022-08-04","13,382.43","13,382.43","13,382.43","13,382.43","","-0.07%"
"2022-08-03","13,391.89","13,391.89","13,391.89","13,391.89","","1.61%"
"2022-08-02","13,180.17","13,180.17","13,180.17","13,180.17","","-0.55%"
"2022-08-01","13,252.77","13,252.77","13,252.77","13,252.77","","-0.23%"
"2022-07-29","13,283.25","13,283.25","13,283.25","13,283.25","","1.36%"
"2022-07-28","13,104.97","13,104.97","13,104.97","13,104.97","","1.26%"
"2022-07-27","12,941.98","12,941.98","12,941.98","12,941.98","","2.62%"
"2022-07-26","12,611.78","12,611.78","12,611.78","12,611.78","","-1.20%"
"2022-07-25","12,765.00","12,765.00","12,765.00","12,765.00","","0.15%"
"2022-07-22","12,746.41","12,746.41","12,746.41","12,746.41","","-1.06%"
"2022-07-21","12,882.48","12,882.48","12,882.48","12,882.48","","0.95%"
"2022-07-20","12,761.20","12,761.20","12,761.20","12,761.20","","0.80%"
"2022-07-19","12,659.95","12,659.95","12,659.95","12,659.95","","2.84%"
"2022-07-18","12,310.73","12,310.73","12,310.73","12,310.73","","-0.72%"
"2022-07-15","12,400.55","12,400.55","12,400.55","12,400.55","","1.96%"
"2022-07-14","12,161.77","12,161.77","12,161.77","12,161.77","","-0.45%"
"2022-07-13","12,217.29","12,217.29","12,217.29","12,217.29","","-0.41%"
"2022-07-12","12,267.97","12,267.97","12,267.97","12,267.97","","-0.87%"
"2022-07-11","12,375.92","12,375.92","12,375.92","12,375.92","","-1.28%"
"2022-07-08","12,536.24","12,536.24","12,536.24","12,536.24","","-0.11%"
"2022-07-07","12,549.75","12,549.75","12,549.75","12,549.75","","1.67%"
"2022-07-06","12,344.13","12,344.13","12,344.13","12,344.13","","0.17%"
"2022-07-05","12,323.67","12,323.67","12,323.67","12,323.67","","0.34%"
"2022-07-01","12,282.28","12,282.28","12,282.28","12,282.28","","1.14%"
"2022-06-30","12,143.93","12,143.93","12,143.93","12,143.93","","-0.92%"
"2022-06-29","12,257.03","12,257.03","12,257.03","12,257.03","","-0.20%"
"2022-06-28","12,282.08","12,282.08","12,282.08","12,282.08","","-2.02%"
"2022-06-27","12,535.49","12,535.76","12,535.76","12,535.76","","-0.27%"
"2022-06-24","12,569.72","12,569.72","12,569.72","12,569.72","","3.14%"
"2022-06-23","12,187.19","12,187.19","12,187.19","12,187.19","","1.07%"
"2022-06-22","12,057.96","12,057.96","12,057.96","12,057.96","","-0.12%"
"2022-06-21","12,071.94","12,071.94","12,071.94","12,071.94","","2.32%"
"2022-06-17","11,797.99","11,797.99","11,797.99","11,797.99","","0.41%"
"2022-06-16","11,750.33","11,750.33","11,750.33","11,750.33","","-3.48%"
"2022-06-15","12,173.42","12,173.42","12,173.42","12,173.42","","1.50%"
"2022-06-14","11,993.75","11,993.75","11,993.75","11,993.75","","-0.33%"
"2022-06-13","12,033.73","12,033.73","12,033.73","12,033.73","","-4.08%"
"2022-06-10","12,545.00","12,545.00","12,545.00","12,545.00","","-2.95%"
"2022-06-09","12,925.90","12,925.90","12,925.90","12,925.90","","-2.38%"
"2022-06-08","13,240.48","13,240.48","13,240.48","13,240.48","","-1.10%"
"2022-06-07","13,387.88","13,387.88","13,387.88","13,387.88","","1.05%"
"2022-06-06","13,249.06","13,249.06","13,249.06","13,249.06","","0.32%"
"2022-06-03","13,206.63","13,206.63","13,206.63","13,206.63","","-1.58%"
"2022-06-02","13,418.88","13,418.88","13,418.88","13,418.88","","2.01%"
"2022-06-01","13,154.89","13,154.89","13,154.89","13,154.89","","-0.74%"
"2022-05-31","13,252.63","13,252.63","13,252.63","13,252.63","","-0.74%"
"2022-05-27","13,351.24","13,351.24","13,351.24","13,351.24","","2.54%"
"2022-05-26","13,021.05","13,021.05","13,021.05","13,021.05","","2.06%"
"2022-05-25","12,758.64","12,758.64","12,758.64","12,758.64","","1.14%"
"2022-05-24","12,615.20","12,615.20","12,615.20","12,615.20","","-1.01%"
"2022-05-23","12,743.88","12,743.88","12,743.88","12,743.88","","1.74%"
"2022-05-20","12,525.69","12,525.69","12,525.69","12,525.69","","0.00%"
"2022-05-19","12,525.34","12,525.34","12,525.34","12,525.34","","-0.40%"
"2022-05-18","12,575.70","12,575.70","12,575.70","12,575.70","","-3.98%"
"2022-05-17","13,097.42","13,097.42","13,097.42","13,097.42","","2.13%"
"2022-05-16","12,823.96","12,823.96","12,823.96","12,823.96","","-0.51%"
"2022-05-13","12,889.73","12,889.73","12,889.73","12,889.73","","2.62%"
"2022-05-12","12,560.91","12,560.91","12,560.91","12,560.91","","0.12%"
"2022-05-11","12,546.37","12,546.37","12,546.37","12,546.37","","-1.78%"
"2022-05-10","12,773.92","12,773.92","12,773.92","12,773.92","","0.21%"
"2022-05-09","12,747.01","12,747.01","12,747.01","12,747.01","","-3.44%"
"2022-05-06","13,201.47","13,201.47","13,201.47","13,201.47","","-0.78%"
"2022-05-05","13,304.60","13,304.60","13,304.60","13,304.60","","-3.68%"
"2022-05-04","13,813.06","13,813.06","13,813.06","13,813.06","","2.93%"
"2022-05-03","13,420.23","13,420.23","13,420.23","13,420.23","","0.47%"
"2022-05-02","13,357.67","13,357.67","13,357.67","13,357.67","","0.66%"
"2022-04-29","13,270.42","13,270.42","13,270.42","13,270.42","","-3.55%"
"2022-04-28","13,759.25","13,759.25","13,759.25","13,759.25","","2.41%"
"2022-04-27","13,434.88","13,434.88","13,434.88","13,434.88","","0.14%"
"2022-04-26","13,416.26","13,416.26","13,416.26","13,416.26","","-2.89%"
"2022-04-25","13,815.27","13,815.27","13,815.27","13,815.27","","0.64%"
"2022-04-22","13,727.31","13,727.31","13,727.31","13,727.31","","-2.73%"
"2022-04-21","14,112.29","14,112.29","14,112.29","14,112.29","","-1.64%"
"2022-04-20","14,347.72","14,347.72","14,347.72","14,347.72","","-0.09%"
"2022-04-19","14,360.48","14,360.48","14,360.48","14,360.48","","1.74%"
"2022-04-18","14,114.58","14,114.58","14,114.58","14,114.58","","-0.17%"
"2022-04-14","14,138.13","14,138.13","14,138.13","14,138.13","","-1.21%"
"2022-04-13","14,311.89","14,311.89","14,311.89","14,311.89","","1.29%"
"2022-04-12","14,129.86","14,129.86","14,129.86","14,129.86","","-0.29%"
"2022-04-11","14,171.43","14,171.43","14,171.43","14,171.43","","-1.53%"
"2022-04-08","14,391.62","14,391.62","14,391.62","14,391.62","","-0.32%"
"2022-04-07","14,438.42","14,438.42","14,438.42","14,438.42","","0.33%"
"2022-04-06","14,390.84","14,390.84","14,390.84","14,390.84","","-1.08%"
"2022-04-05","14,547.86","14,547.86","14,547.86","14,547.86","","-1.42%"
"2022-04-04","14,757.44","14,757.44","14,757.44","14,757.44","","0.79%"
"2022-04-01","14,642.42","14,642.42","14,642.42","14,642.42","","0.44%"
"2022-03-31","14,578.75","14,578.75","14,578.75","14,578.75","","-1.52%"
"2022-03-30","14,803.27","14,803.27","14,803.27","14,803.27","","-0.79%"
"2022-03-29","14,920.71","14,920.71","14,920.71","14,920.71","","1.45%"
"2022-03-28","14,707.19","14,707.19","14,707.19","14,707.19","","0.69%"
"2022-03-25","14,606.79","14,606.79","14,606.79","14,606.79","","0.40%"
"2022-03-24","14,548.72","14,548.72","14,548.72","14,548.72","","1.40%"
"2022-03-23","14,348.20","14,348.20","14,348.20","14,348.20","","-1.28%"
"2022-03-22","14,534.18","14,534.18","14,534.18","14,534.18","","1.18%"
"2022-03-21","14,364.00","14,364.00","14,364.00","14,364.00","","-0.16%"
"2022-03-18","14,387.15","14,387.15","14,387.15","14,387.15","","1.24%"
"2022-03-17","14,211.16","14,211.16","14,211.16","14,211.16","","1.34%"
"2022-03-16","14,023.20","14,023.20","14,023.20","14,023.20","","2.45%"
"2022-03-15","13,687.50","13,687.50","13,687.50","13,687.50","","2.07%"
"2022-03-14","13,409.73","13,409.73","13,409.73","13,409.73","","-0.92%"
"2022-03-11","13,534.66","13,534.66","13,534.66","13,534.66","","-1.39%"
"2022-03-10","13,725.17","13,725.17","13,725.17","13,725.17","","-0.42%"
"2022-03-09","13,782.71","13,782.71","13,782.71","13,782.71","","2.68%"
"2022-03-08","13,423.00","13,423.00","13,423.00","13,423.00","","-0.55%"
"2022-03-07","13,497.83","13,497.83","13,497.83","13,497.83","","-3.05%"
"2022-03-04","13,923.04","13,923.04","13,923.04","13,923.04","","-0.97%"
"2022-03-03","14,060.05","14,060.05","14,060.05","14,060.05","","-0.73%"
"2022-03-02","14,163.58","14,163.58","14,163.58","14,163.58","","1.90%"
"2022-03-01","13,899.28","13,899.28","13,899.28","13,899.28","","-1.57%"
"2022-02-28","14,120.73","14,120.73","14,120.73","14,120.73","","-0.11%"
"2022-02-25","14,136.14","14,136.14","14,136.14","14,136.14","","2.27%"
"2022-02-24","13,821.95","13,821.95","13,821.95","13,821.95","","1.74%"
"2022-02-23","13,585.04","13,585.04","13,585.04","13,585.04","","-1.89%"
"2022-02-22","13,847.15","13,847.15","13,847.15","13,847.15","","-1.07%"
"2022-02-18","13,996.31","13,996.31","13,996.31","13,996.31","","-0.78%"
"2022-02-17","14,106.47","14,106.47","14,106.47","14,106.47","","-2.22%"
"2022-02-16","14,427.30","14,427.30","14,427.30","14,427.30","","0.05%"
"2022-02-15","14,420.63","14,420.63","14,420.63","14,420.63","","1.76%"
"2022-02-14","14,170.77","14,170.77","14,170.77","14,170.77","","-0.40%"
"2022-02-11","14,227.13","14,227.13","14,227.13","14,227.13","","-1.85%"
"2022-02-10","14,495.60","14,495.60","14,495.60","14,495.60","","-1.74%"
"2022-02-09","14,752.77","14,752.77","14,752.77","14,752.77","","1.59%"
"2022-02-08","14,521.76","14,521.76","14,521.76","14,521.76","","0.93%"
"2022-02-07","14,387.66","14,387.66","14,387.66","14,387.66","","-0.27%"
"2022-02-04","14,426.52","14,426.52","14,426.52","14,426.52","","0.66%"
"2022-02-03","14,332.51","14,332.51","14,332.51","14,332.51","","-2.44%"
"2022-02-02","14,691.71","14,691.71","14,691.71","14,691.71","","0.64%"
"2022-02-01","14,597.58","14,597.58","14,597.58","14,597.58","","0.77%"
"2022-01-31","14,485.61","14,485.61","14,485.61","14,485.61","","2.15%"
"2022-01-28","14,180.45","14,180.45","14,180.45","14,180.45","","2.45%"
"2022-01-27","13,841.24","13,841.24","13,841.24","13,841.24","","-0.71%"
"2022-01-26","13,939.75","13,939.75","13,939.75","13,939.75","","-0.31%"
"2022-01-25","13,982.41","13,982.41","13,982.41","13,982.41","","-1.35%"
"2022-01-24","14,173.27","14,173.27","14,173.27","14,173.27","","0.53%"
"2022-01-21","14,099.17","14,099.17","14,099.17","14,099.17","","-1.94%"
"2022-01-20","14,378.11","14,378.11","14,378.11","14,378.11","","-1.16%"
"2022-01-19","14,547.22","14,547.22","14,547.22","14,547.22","","-1.01%"
"2022-01-18","14,695.80","14,695.80","14,695.80","14,695.80","","-1.96%"
"2022-01-14","14,990.33","14,990.33","14,990.33","14,990.33","","0.05%"
"2022-01-13","14,983.13","14,983.13","14,983.13","14,983.13","","-1.43%"
"2022-01-12","15,200.98","15,200.98","15,200.98","15,200.98","","0.15%"
"2022-01-11","15,178.36","15,178.36","15,178.36","15,178.36","","0.99%"
"2022-01-10","15,029.44","15,029.44","15,029.44","15,029.44","","-0.15%"
"2022-01-07","15,051.41","15,051.41","15,051.41","15,051.41","","-0.48%"
"2022-01-06","15,124.08","15,124.08","15,124.08","15,124.08","","0.00%"
"2022-01-05","15,123.88","15,123.88","15,123.88","15,123.88","","-2.17%"
"2022-01-04","15,459.98","15,459.98","15,459.98","15,459.98","","-0.16%"
"2022-01-03","15,484.00","15,484.00","15,484.00","15,484.00","","0.60%"
"2021-12-31","15,391.17","15,391.17","15,391.17","15,391.17","","-0.27%"
"2021-12-30","15,433.34","15,433.34","15,433.34","15,433.34","","-0.20%"
"2021-12-29","15,464.23","15,464.23","15,464.23","15,464.23","","0.13%"
"2021-12-28","15,444.68","15,444.68","15,444.68","15,444.68","","-0.19%"
"2021-12-27","15,474.39","15,474.39","15,474.39","15,474.39","","1.28%"
"2021-12-23","15,278.61","15,278.61","15,278.61","15,278.61","","0.65%"
"2021-12-22","15,179.83","15,179.83","15,179.83","15,179.83","","0.98%"
"2021-12-21","15,032.36","15,032.36","15,032.36","15,032.36","","2.00%"
"2021-12-20","14,736.99","14,736.99","14,736.99","14,736.99","","-1.22%"
"2021-12-17","14,919.00","14,919.00","14,919.00","14,919.00","","-0.70%"
"2021-12-16","15,023.58","15,023.58","15,023.58","15,023.58","","-1.03%"
"2021-12-15","15,179.58","15,179.58","15,179.58","15,179.58","","1.61%"
"2021-12-14","14,938.35","14,938.35","14,938.35","14,938.35","","-0.78%"
"2021-12-13","15,055.83","15,055.83","15,055.83","15,055.83","","-0.95%"
"2021-12-10","15,199.89","15,199.89","15,199.89","15,199.89","","0.72%"
"2021-12-09","15,090.88","15,090.88","15,090.88","15,090.88","","-0.95%"
"2021-12-08","15,234.95","15,234.95","15,234.95","15,234.95","","0.43%"
"2021-12-07","15,169.13","15,169.13","15,169.13","15,169.13","","2.15%"
"2021-12-06","14,850.53","14,850.53","14,850.53","14,850.53","","1.22%"
"2021-12-03","14,671.07","14,671.07","14,671.07","14,671.07","","-1.07%"
"2021-12-02","14,829.30","14,829.30","14,829.30","14,829.30","","1.62%"
"2021-12-01","14,593.61","14,593.61","14,593.61","14,593.61","","-1.45%"
"2021-11-30","14,808.05","14,808.05","14,808.05","14,808.05","","-1.97%"
"2021-11-29","15,105.22","15,105.22","15,105.22","15,105.22","","1.11%"
"2021-11-26","14,938.69","14,938.69","14,938.69","14,938.69","","-2.31%"
"2021-11-24","15,291.23","15,291.23","15,291.23","15,291.23","","0.29%"
"2021-11-23","15,247.14","15,247.14","15,247.14","15,247.14","","0.05%"
"2021-11-22","15,239.50","15,239.50","15,239.50","15,239.50","","-0.46%"
"2021-11-19","15,310.41","15,310.41","15,310.41","15,310.41","","-0.27%"
"2021-11-18","15,351.12","15,351.12","15,351.12","15,351.12","","0.18%"
"2021-11-17","15,323.50","15,323.50","15,323.50","15,323.50","","-0.39%"
"2021-11-16","15,383.14","15,383.14","15,383.14","15,383.14","","0.41%"
"2021-11-15","15,320.31","15,320.31","15,320.31","15,320.31","","-0.04%"
"2021-11-12","15,326.06","15,326.06","15,326.06","15,326.06","","0.72%"
"2021-11-11","15,216.92","15,216.92","15,216.92","15,216.92","","0.14%"
"2021-11-10","15,195.88","15,195.88","15,195.88","15,195.88","","-0.97%"
"2021-11-09","15,344.08","15,344.08","15,344.08","15,344.08","","-0.32%"
"2021-11-08","15,392.93","15,392.93","15,392.93","15,392.93","","0.15%"
"2021-11-05","15,370.34","15,370.34","15,370.34","15,370.34","","0.40%"
"2021-11-04","15,309.56","15,309.56","15,309.56","15,309.56","","0.33%"
"2021-11-03","15,258.93","15,258.93","15,258.93","15,258.93","","0.74%"
"2021-11-02","15,147.14","15,147.14","15,147.14","15,147.14","","0.29%"
"2021-11-01","15,103.67","15,103.67","15,103.67","15,103.67","","0.44%"
"2021-10-29","15,036.93","15,036.93","15,036.93","15,036.93","","0.18%"
"2021-10-28","15,009.27","15,009.27","15,009.27","15,009.27","","1.09%"
"2021-10-27","14,847.00","14,847.00","14,847.00","14,847.00","","-0.74%"
"2021-10-26","14,957.51","14,957.51","14,957.51","14,957.51","","0.05%"
"2021-10-25","14,950.26","14,950.26","14,950.26","14,950.26","","0.50%"
"2021-10-22","14,875.56","14,875.56","14,875.56","14,875.56","","-0.14%"
"2021-10-21","14,896.87","14,896.87","14,896.87","14,896.87","","0.36%"
"2021-10-20","14,843.85","14,843.85","14,843.85","14,843.85","","0.39%"
"2021-10-19","14,786.46","14,786.46","14,786.46","14,786.46","","0.69%"
"2021-10-18","14,684.91","14,684.91","14,684.91","14,684.91","","0.35%"
"2021-10-15","14,633.37","14,633.37","14,633.37","14,633.37","","0.61%"
"2021-10-14","14,544.20","14,544.20","14,544.20","14,544.20","","1.68%"
"2021-10-13","14,304.34","14,304.34","14,304.34","14,304.34","","0.41%"
"2021-10-12","14,245.22","14,245.22","14,245.22","14,245.22","","-0.06%"
"2021-10-11","14,253.84","14,253.84","14,253.84","14,253.84","","-0.67%"
"2021-10-08","14,350.62","14,350.62","14,350.62","14,350.62","","-0.27%"
"2021-10-07","14,390.01","14,390.01","14,390.01","14,390.01","","0.96%"
"2021-10-06","14,252.67","14,252.67","14,252.67","14,252.67","","0.36%"
"2021-10-05","14,200.98","14,200.98","14,200.98","14,200.98","","1.00%"
"2021-10-04","14,059.76","14,059.76","14,059.76","14,059.76","","-1.34%"
"2021-10-01","14,250.33","14,250.33","14,250.33","14,250.33","","1.18%"
"2021-09-30","14,084.48","14,084.48","14,084.48","14,084.48","","-1.09%"
"2021-09-29","14,239.03","14,239.03","14,239.03","14,239.03","","0.09%"
"2021-09-28","14,226.62","14,226.62","14,226.62","14,226.62","","-2.09%"
"2021-09-27","14,530.75","14,530.75","14,530.75","14,530.75","","-0.16%"
"2021-09-24","14,554.55","14,554.55","14,554.55","14,554.55","","0.05%"
"2021-09-23","14,547.35","14,547.35","14,547.35","14,547.35","","1.24%"
"2021-09-22","14,369.28","14,369.28","14,369.28","14,369.28","","1.00%"
"2021-09-21","14,226.84","14,226.84","14,226.84","14,226.84","","-0.01%"
"2021-09-20","14,228.96","14,228.96","14,228.96","14,228.96","","-1.77%"
"2021-09-17","14,484.89","14,484.89","14,484.89","14,484.89","","-0.77%"
"2021-09-16","14,597.51","14,597.51","14,597.51","14,597.51","","-0.07%"
"2021-09-15","14,608.38","14,608.38","14,608.38","14,608.38","","0.86%"
"2021-09-14","14,484.09","14,484.09","14,484.09","14,484.09","","-0.62%"
"2021-09-13","14,574.05","14,574.05","14,574.05","14,574.05","","0.22%"
"2021-09-10","14,542.02","14,542.02","14,542.02","14,542.02","","-0.78%"
"2021-09-09","14,656.92","14,656.92","14,656.92","14,656.92","","-0.38%"
"2021-09-08","14,712.28","14,712.28","14,712.28","14,712.28","","-0.25%"
"2021-09-07","14,748.98","14,748.98","14,748.98","14,748.98","","-0.42%"
"2021-09-03","14,811.56","14,811.56","14,811.56","14,811.56","","-0.04%"
"2021-09-02","14,817.85","14,817.85","14,817.85","14,817.85","","0.36%"
"2021-09-01","14,765.39","14,765.39","14,765.39","14,765.39","","0.13%"
"2021-08-31","14,746.10","14,746.10","14,746.10","14,746.10","","-0.14%"
"2021-08-30","14,766.81","14,766.81","14,766.81","14,766.81","","0.34%"
"2021-08-27","14,716.38","14,716.38","14,716.38","14,716.38","","1.06%"
"2021-08-26","14,561.56","14,561.56","14,561.56","14,561.56","","-0.62%"
"2021-08-25","14,652.60","14,652.60","14,652.60","14,652.60","","0.27%"
"2021-08-24","14,612.97","14,612.97","14,612.97","14,612.97","","0.33%"
"2021-08-23","14,565.18","14,565.18","14,565.18","14,565.18","","0.98%"
"2021-08-20","14,423.79","14,423.79","14,423.79","14,423.79","","0.91%"
"2021-08-19","14,293.79","14,293.79","14,293.79","14,293.79","","-0.05%"
"2021-08-18","14,301.24","14,301.24","14,301.24","14,301.24","","-1.01%"
"2021-08-17","14,446.44","14,446.44","14,446.44","14,446.44","","-0.75%"
"2021-08-16","14,555.65","14,555.65","14,555.65","14,555.65","","0.07%"
"2021-08-13","14,546.12","14,546.12","14,546.12","14,546.12","","0.05%"
"2021-08-12","14,538.48","14,538.48","14,538.48","14,538.48","","0.29%"
"2021-08-11","14,497.05","14,497.05","14,497.05","14,497.05","","0.23%"
"2021-08-10","14,463.33","14,463.33","14,463.33","14,463.33","","0.05%"
"2021-08-09","14,456.33","14,456.33","14,456.33","14,456.33","","-0.09%"
"2021-08-06","14,469.11","14,469.11","14,469.11","14,469.11","","0.12%"
"2021-08-05","14,452.27","14,452.27","14,452.27","14,452.27","","0.72%"
"2021-08-04","14,348.27","14,348.27","14,348.27","14,348.27","","-0.47%"
"2021-08-03","14,416.41","14,416.41","14,416.41","14,416.41","","0.72%"
"2021-08-02","14,312.99","14,312.99","14,312.99","14,312.99","","-0.17%"
"2021-07-30","14,337.24","14,337.24","14,337.24","14,337.24","","-0.56%"
"2021-07-29","14,418.30","14,418.30","14,418.30","14,418.30","","0.43%"
"2021-07-28","14,356.75","14,356.75","14,356.75","14,356.75","","0.19%"
"2021-07-27","14,330.00","14,330.00","14,330.00","14,330.00","","-0.56%"
"2021-07-26","14,410.21","14,410.21","14,410.21","14,410.21","","0.19%"
"2021-07-23","14,382.47","14,382.47","14,382.47","14,382.47","","0.98%"
"2021-07-22","14,243.10","14,243.10","14,243.10","14,243.10","","0.06%"
"2021-07-21","14,233.99","14,233.99","14,233.99","14,233.99","","0.92%"
"2021-07-20","14,104.13","14,104.13","14,104.13","14,104.13","","1.73%"
"2021-07-19","13,864.52","13,864.52","13,864.52","13,864.52","","-1.49%"
"2021-07-16","14,073.92","14,073.92","14,073.92","14,073.92","","-0.74%"
"2021-07-15","14,178.83","14,178.83","14,178.83","14,178.83","","-0.34%"
"2021-07-14","14,227.03","14,227.03","14,227.03","14,227.03","","-0.14%"
"2021-07-13","14,246.65","14,246.65","14,246.65","14,246.65","","-0.56%"
"2021-07-12","14,327.20","14,327.20","14,327.20","14,327.20","","0.26%"
"2021-07-09","14,289.99","14,289.99","14,289.99","14,289.99","","1.25%"
"2021-07-08","14,113.42","14,113.42","14,113.42","14,113.42","","-0.86%"
"2021-07-07","14,235.86","14,235.86","14,235.86","14,235.86","","0.15%"
"2021-07-06","14,214.27","14,214.27","14,214.27","14,214.27","","-0.25%"
"2021-07-02","14,249.79","14,249.79","14,249.79","14,249.79","","0.57%"
"2021-07-01","14,168.45","14,168.45","14,168.45","14,168.45","","0.49%"
"2021-06-30","14,098.82","14,098.82","14,098.82","14,098.82","","0.05%"
"2021-06-29","14,091.51","14,091.51","14,091.51","14,091.51","","0.00%"
"2021-06-28","14,092.13","14,092.13","14,092.13","14,092.13","","0.15%"
"2021-06-25","14,070.52","14,070.52","14,070.52","14,070.52","","0.36%"
"2021-06-24","14,020.45","14,020.45","14,020.45","14,020.45","","0.67%"
"2021-06-23","13,927.68","13,927.68","13,927.68","13,927.68","","-0.05%"
"2021-06-22","13,935.14","13,935.14","13,935.14","13,935.14","","0.54%"
"2021-06-21","13,860.57","13,860.57","13,860.57","13,860.57","","1.43%"
"2021-06-18","13,665.11","13,665.11","13,665.11","13,665.11","","-1.30%"
"2021-06-17","13,844.85","13,844.85","13,844.85","13,844.85","","-0.08%"
"2021-06-16","13,856.02","13,856.02","13,856.02","13,856.02","","-0.49%"
"2021-06-15","13,924.30","13,924.30","13,924.30","13,924.30","","-0.27%"
"2021-06-14","13,961.72","13,961.72","13,961.72","13,961.72","","0.14%"
"2021-06-11","13,941.58","13,941.58","13,941.58","13,941.58","","0.31%"
"2021-06-10","13,897.90","13,897.90","13,897.90","13,897.90","","0.43%"
"2021-06-09","13,838.89","13,838.89","13,838.89","13,838.89","","-0.25%"
"2021-06-08","13,873.18","13,873.18","13,873.18","13,873.18","","0.15%"
"2021-06-07","13,852.62","13,852.62","13,852.62","13,852.62","","0.11%"
"2021-06-04","13,837.92","13,837.92","13,837.92","13,837.92","","0.86%"
"2021-06-03","13,720.45","13,720.45","13,720.45","13,720.45","","-0.45%"
"2021-06-02","13,783.04","13,783.04","13,783.04","13,783.04","","0.12%"
"2021-06-01","13,766.92","13,766.92","13,766.92","13,766.92","","0.05%"
"2021-05-28","13,759.52","13,759.52","13,759.52","13,759.52","","0.09%"
"2021-05-27","13,747.30","13,747.30","13,747.30","13,747.30","","0.21%"
"2021-05-26","13,718.27","13,718.27","13,718.27","13,718.27","","0.38%"
"2021-05-25","13,666.57","13,666.57","13,666.57","13,666.57","","-0.27%"
"2021-05-24","13,703.37","13,703.37","13,703.37","13,703.37","","0.96%"
"2021-05-21","13,572.77","13,572.77","13,572.77","13,572.77","","-0.04%"
"2021-05-20","13,578.72","13,578.72","13,578.72","13,578.72","","1.09%"
"2021-05-19","13,432.43","13,432.43","13,432.43","13,432.43","","-0.33%"
"2021-05-18","13,476.35","13,476.35","13,476.35","13,476.35","","-0.76%"
"2021-05-17","13,579.27","13,579.27","13,579.27","13,579.27","","-0.25%"
"2021-05-14","13,613.56","13,613.56","13,613.56","13,613.56","","1.65%"
"2021-05-13","13,392.59","13,392.59","13,392.59","13,392.59","","1.19%"
"2021-05-12","13,235.25","13,235.25","13,235.25","13,235.25","","-2.29%"
"2021-05-11","13,545.38","13,545.38","13,545.38","13,545.38","","-0.74%"
"2021-05-10","13,646.71","13,646.71","13,646.71","13,646.71","","-1.20%"
"2021-05-07","13,812.69","13,812.69","13,812.69","13,812.69","","0.84%"
"2021-05-06","13,698.07","13,698.07","13,698.07","13,698.07","","0.62%"
"2021-05-05","13,614.21","13,614.21","13,614.21","13,614.21","","-0.04%"
"2021-05-04","13,619.07","13,619.07","13,619.07","13,619.07","","-0.79%"
"2021-05-03","13,727.07","13,727.07","13,727.07","13,727.07","","0.22%"
"2021-04-30","13,697.00","13,697.00","13,697.00","13,697.00","","-0.77%"
"2021-04-29","13,803.96","13,803.96","13,803.96","13,803.96","","0.48%"
"2021-04-28","13,737.69","13,737.69","13,737.69","13,737.69","","-0.09%"
"2021-04-27","13,750.49","13,750.49","13,750.49","13,750.49","","-0.02%"
"2021-04-26","13,752.91","13,752.91","13,752.91","13,752.91","","0.33%"
"2021-04-23","13,707.26","13,707.26","13,707.26","13,707.26","","52.04%"
"2020-05-12","9,015.83","9,163.16","9,211.22","9,003.31","","-1.61%"
"2020-05-11","9,163.16","9,165.71","9,210.84","9,079.12","","-0.03%"
"2020-05-08","9,165.71","8,994.70","9,164.54","8,994.70","","1.90%"
"2020-05-07","8,994.70","8,877.89","9,057.49","8,877.89","","1.32%"
"2020-05-06","8,877.89","8,934.83","9,006.57","8,889.41","","-0.64%"
"2020-05-05","8,934.83","8,851.80","9,033.59","8,851.80","","0.94%"
"2020-05-04","8,851.80","8,810.75","8,853.77","8,704.50","","0.47%"
"2020-05-01","8,810.75","9,075.74","9,075.74","8,776.67","","-2.92%"
"2020-04-30","9,075.74","9,185.12","9,185.12","9,025.99","","-1.19%"
"2020-04-29","9,185.12","8,925.36","9,231.43","8,925.36","","2.91%"
"2020-04-28","8,925.36","8,958.57","9,099.54","8,913.69","","-0.37%"
"2020-04-27","8,958.57","8,801.02","8,987.06","8,801.02","","1.79%"
"2020-04-24","8,801.02","8,678.81","8,820.31","8,660.92","","1.41%"
"2020-04-23","8,678.81","8,673.18","8,821.47","8,669.47","","0.06%"
"2020-04-22","8,673.18","8,484.27","8,707.56","8,484.27","","2.23%"
"2020-04-21","8,484.27","8,750.99","8,750.99","8,451.86","","-3.05%"
"2020-04-20","8,750.99","8,902.27","8,902.27","8,739.73","","-1.70%"
"2020-04-17","8,902.27","8,653.54","8,878.69","8,653.54","","2.87%"
"2020-04-16","8,653.54","8,612.78","8,672.42","8,545.58","","0.47%"
"2020-04-15","8,612.78","8,818.79","8,818.79","8,548.39","","-2.34%"
"2020-04-14","8,818.79","8,562.01","8,829.08","8,562.01","","3.00%"
"2020-04-13","8,562.01","8,662.76","8,662.76","8,438.95","","-1.16%"
"2020-04-10","8,662.76","8,662.76","8,662.76","8,662.76","","0.00%"
"2020-04-09","8,662.76","8,511.39","8,748.17","8,511.39","","1.78%"
"2020-04-08","8,511.39","8,215.79","8,523.69","8,215.79","","3.60%"
"2020-04-07","8,215.79","8,219.27","8,507.17","8,219.27","","-0.04%"
"2020-04-06","8,219.27","7,669.48","8,164.12","7,669.48","","7.17%"
"2020-04-03","7,669.48","7,800.09","7,828.07","7,584.11","","-1.67%"
"2020-04-02","7,800.09","7,641.54","7,833.26","7,597.43","","2.07%"
"2020-04-01","7,641.54","8,014.32","8,014.32","7,573.54","","-4.65%"
"2020-03-31","8,014.32","8,136.25","8,179.44","7,963.09","","-1.50%"
"2020-03-30","8,136.25","7,886.66","8,126.28","7,886.66","","3.16%"
"2020-03-27","7,886.66","8,162.03","8,162.03","7,817.55","","-3.37%"
"2020-03-26","8,162.03","7,686.61","8,085.81","7,686.61","","6.18%"
"2020-03-25","7,686.61","7,582.36","7,979.84","7,470.03","","1.37%"
"2020-03-24","7,582.36","6,926.59","7,547.19","6,926.59","","9.47%"
"2020-03-23","6,926.59","7,124.06","7,124.06","6,774.60","","-2.77%"
"2020-03-20","7,124.06","7,435.27","7,588.63","7,144.85","","-4.19%"
"2020-03-19","7,435.27","7,347.49","7,595.37","7,118.13","","1.19%"
"2020-03-18","7,347.49","7,347.49","7,347.49","7,347.49","","-5.84%"
"2020-03-17","7,803.25","7,803.25","7,803.25","7,803.25","","5.79%"
"2020-03-16","7,375.96","7,375.96","7,375.96","7,375.96","","-12.31%"
"2020-03-13","8,411.64","8,411.64","8,411.64","8,411.64","","9.00%"
"2020-03-12","7,717.19","7,717.19","7,717.19","7,717.19","","-9.64%"
"2020-03-11","8,540.59","8,540.59","8,540.59","8,540.59","","-5.07%"
"2020-03-10","8,997.10","8,997.10","8,997.10","8,997.10","","4.74%"
"2020-03-09","8,590.02","8,590.02","8,590.02","8,590.02","","-7.84%"
"2020-03-06","9,320.61","9,320.61","9,320.61","9,320.61","","-1.77%"
"2020-03-05","9,488.67","9,488.67","9,488.67","9,488.67","","-3.36%"
"2020-03-04","9,818.45","9,818.45","9,818.45","9,818.45","","4.06%"
"2020-03-03","9,435.70","9,435.70","9,435.70","9,435.70","","-2.70%"
"2020-03-02","9,697.28","9,697.28","9,697.28","9,697.28","","4.36%"
"2020-02-28","9,292.15","9,292.15","9,292.15","9,292.15","","-0.87%"
"2020-02-27","9,373.36","9,373.36","9,373.36","9,373.36","","-4.31%"
"2020-02-26","9,795.71","9,795.71","9,795.71","9,795.71","","-0.54%"
"2020-02-25","9,848.49","9,848.49","9,848.49","9,848.49","","-3.08%"
"2020-02-24","10,161.82","10,161.82","10,161.82","10,161.82","","-3.29%"
"2020-02-21","10,507.61","10,507.61","10,507.61","10,507.61","","-1.05%"
"2020-02-20","10,619.44","10,619.44","10,619.44","10,619.44","","-0.28%"
"2020-02-19","10,649.64","10,649.64","10,649.64","10,649.64","","0.50%"
"2020-02-18","10,596.60","10,596.60","10,596.60","10,596.60","","-0.24%"
"2020-02-17","10,622.09","10,622.09","10,622.09","10,622.09","","0.00%"
"2020-02-14","10,622.09","10,622.09","10,622.09","10,622.09","","0.18%"
"2020-02-13","10,602.76","10,602.76","10,602.76","10,602.76","","-0.06%"
"2020-02-12","10,609.08","10,609.08","10,609.08","10,609.08","","0.65%"
"2020-02-11","10,540.07","10,540.07","10,540.07","10,540.07","","0.24%"
"2020-02-10","10,514.46","10,514.46","10,514.46","10,514.46","","0.74%"
"2020-02-07","10,437.29","10,437.29","10,437.29","10,437.29","","-0.57%"
"2020-02-06","10,496.61","10,496.61","10,496.61","10,496.61","","0.28%"
"2020-02-05","10,467.71","10,467.71","10,467.71","10,467.71","","1.02%"
"2020-02-04","10,362.47","10,362.47","10,362.47","10,362.47","","1.55%"
"2020-02-03","10,204.52","10,204.52","10,204.52","10,204.52","","0.83%"
"2020-01-31","10,120.77","10,120.77","10,120.77","10,120.77","","-1.77%"
"2020-01-30","10,303.41","10,303.41","10,303.41","10,303.41","","0.31%"
"2020-01-29","10,271.14","10,271.14","10,271.14","10,271.14","","-0.11%"
"2020-01-28","10,282.33","10,282.33","10,282.33","10,282.33","","1.00%"
"2020-01-27","10,180.12","10,180.12","10,180.12","10,180.12","","-1.53%"
"2020-01-24","10,338.19","10,338.19","10,338.19","10,338.19","","-0.92%"
"2020-01-23","10,434.44","10,434.44","10,434.44","10,434.44","","0.11%"
"2020-01-22","10,422.54","10,422.54","10,422.54","10,422.54","","0.04%"
"2020-01-21","10,418.40","10,418.40","10,418.40","10,418.40","","-0.28%"
"2020-01-20","10,447.91","10,447.91","10,447.91","10,447.91","","0.00%"
"2020-01-17","10,447.91","10,447.91","10,447.91","10,447.91","","0.29%"
"2020-01-16","10,417.55","10,417.55","10,417.55","10,417.55","","0.88%"
"2020-01-15","10,326.56","10,326.56","10,326.56","10,326.56","","0.19%"
"2020-01-14","10,306.56","10,306.56","10,306.56","10,306.56","","-0.07%"
"2020-01-13","10,314.20","10,314.20","10,314.20","10,314.20","","0.73%"
"2020-01-10","10,239.51","10,239.51","10,239.51","10,239.51","","-0.28%"
"2020-01-09","10,268.55","10,268.55","10,268.55","10,268.55","","0.64%"
"2020-01-08","10,203.60","10,203.60","10,203.60","10,203.60","","0.48%"
"2020-01-07","10,155.02","10,155.02","10,155.02","10,155.02","","-0.25%"
"2020-01-06","10,180.34","10,180.34","10,180.34","10,180.34","","0.34%"
"2020-01-03","10,146.16","10,146.16","10,146.16","10,146.16","","-0.62%"
"2020-01-02","10,209.34","10,209.34","10,209.34","10,209.34","","0.76%"
"2019-12-31","10,131.84","10,131.84","10,131.84","10,131.84","","0.30%"
"2019-12-30","10,101.22","10,101.22","10,101.22","10,101.22","","-0.54%"
"2019-12-27","10,155.67","10,155.67","10,155.67","10,155.67","","-0.05%"
"2019-12-26","10,160.83","10,160.83","10,160.83","10,160.83","","0.46%"
"2019-12-24","10,113.85","10,113.85","10,113.85","10,113.85","","0.02%"
"2019-12-23","10,112.32","10,112.32","10,112.32","10,112.32","","0.09%"
"2019-12-20","10,103.48","10,103.48","10,103.48","10,103.48","","0.49%"
"2019-12-19","10,053.94","10,053.94","10,053.94","10,053.94","","0.45%"
"2019-12-18","10,008.52","10,008.52","10,008.52","10,008.52","","0.00%"
"2019-12-17","10,008.79","10,008.79","10,008.79","10,008.79","","0.06%"
"2019-12-16","10,002.46","10,002.46","10,002.46","10,002.46","","0.73%"
"2019-12-13","9,929.58","9,929.58","9,929.58","9,929.58","","-0.01%"
"2019-12-12","9,930.75","9,930.75","9,930.75","9,930.75","","0.83%"
"2019-12-11","9,848.88","9,848.88","9,848.88","9,848.88","","0.25%"
"2019-12-10","9,824.53","9,824.53","9,824.53","9,824.53","","-0.10%"
"2019-12-09","9,834.09","9,834.09","9,834.09","9,834.09","","-0.31%"
"2019-12-06","9,864.73","9,864.73","9,864.73","9,864.73","","0.92%"
"2019-12-05","9,775.11","9,775.11","9,775.11","9,775.11","","0.15%"
"2019-12-04","9,760.53","9,760.53","9,760.53","9,760.53","","0.62%"
"2019-12-03","9,700.40","9,700.40","9,700.40","9,700.40","","-0.61%"
"2019-12-02","9,759.56","9,759.56","9,759.56","9,759.56","","-0.89%"
"2019-11-29","9,847.51","9,847.51","9,847.51","9,847.51","","-0.42%"
"2019-11-27","9,889.15","9,889.15","9,889.15","9,889.15","","0.45%"
"2019-11-26","9,844.90","9,844.90","9,844.90","9,844.90","","0.23%"
"2019-11-25","9,821.91","9,821.91","9,821.91","9,821.91","","0.89%"
"2019-11-22","9,735.74","9,735.74","9,735.74","9,735.74","","0.23%"
"2019-11-21","9,713.66","9,713.66","9,713.66","9,713.66","","-0.21%"
"2019-11-20","9,733.78","9,733.78","9,733.78","9,733.78","","-0.32%"
"2019-11-19","9,764.99","9,764.99","9,764.99","9,764.99","","0.02%"
"2019-11-18","9,763.49","9,763.49","9,763.49","9,763.49","","0.03%"
"2019-11-15","9,760.12","9,760.12","9,760.12","9,760.12","","0.77%"
"2019-11-14","9,685.33","9,685.33","9,685.33","9,685.33","","0.11%"
"2019-11-13","9,674.23","9,674.23","9,674.23","9,674.23","","0.04%"
"2019-11-12","9,670.03","9,670.03","9,670.03","9,670.03","","0.15%"
"2019-11-11","9,655.76","9,655.76","9,655.76","9,655.76","","-0.16%"
"2019-11-08","9,671.60","9,671.60","9,671.60","9,671.60","","0.30%"
"2019-11-07","9,642.66","9,642.66","9,642.66","9,642.66","","0.32%"
"2019-11-06","9,612.04","9,612.04","9,612.04","9,612.04","","0.00%"
"2019-11-05","9,612.23","9,612.23","9,612.23","9,612.23","","-0.11%"
"2019-11-04","9,622.45","9,622.45","9,622.45","9,622.45","","0.37%"
"2019-11-01","9,586.71","9,586.71","9,586.71","9,586.71","","1.05%"
"2019-10-31","9,486.89","9,486.89","9,486.89","9,486.89","","-0.35%"
"2019-10-30","9,520.47","9,520.47","9,520.47","9,520.47","","0.29%"
"2019-10-29","9,492.92","9,492.92","9,492.92","9,492.92","","-0.06%"
"2019-10-28","9,498.31","9,498.31","9,498.31","9,498.31","","0.58%"
"2019-10-25","9,443.20","9,443.20","9,443.20","9,443.20","","0.44%"
"2019-10-24","9,401.95","9,401.95","9,401.95","9,401.95","","0.24%"
"2019-10-23","9,379.32","9,379.32","9,379.32","9,379.32","","0.26%"
"2019-10-22","9,354.83","9,354.83","9,354.83","9,354.83","","-0.36%"
"2019-10-21","9,388.37","9,388.37","9,388.37","9,388.37","","0.70%"
"2019-10-18","9,323.46","9,323.46","9,323.46","9,323.46","","-0.40%"
"2019-10-17","9,361.04","9,361.04","9,361.04","9,361.04","","0.36%"
"2019-10-16","9,327.03","9,327.03","9,327.03","9,327.03","","-0.23%"
"2019-10-15","9,348.17","9,348.17","9,348.17","9,348.17","","0.99%"
"2019-10-14","9,256.77","9,256.77","9,256.77","9,256.77","","-0.16%"
"2019-10-11","9,271.68","9,271.68","9,271.68","9,271.68","","1.19%"
"2019-10-10","9,162.89","9,162.89","9,162.89","9,162.89","","0.60%"
"2019-10-09","9,108.53","9,108.53","9,108.53","9,108.53","","0.91%"
"2019-10-08","9,026.43","9,026.43","9,026.43","9,026.43","","-1.60%"
"2019-10-07","9,173.14","9,173.14","9,173.14","9,173.14","","-0.41%"
"2019-10-04","9,210.51","9,210.51","9,210.51","9,210.51","","1.37%"
"2019-10-03","9,085.85","9,085.85","9,085.85","9,085.85","","0.82%"
"2019-10-02","9,012.26","9,012.26","9,012.26","9,012.26","","-1.69%"
"2019-10-01","9,167.03","9,167.03","9,167.03","9,167.03","","-1.29%"
"2019-09-30","9,286.97","9,286.97","9,286.97","9,286.97","","0.51%"
"2019-09-27","9,240.11","9,240.11","9,240.11","9,240.11","","-0.58%"
"2019-09-26","9,294.15","9,294.15","9,294.15","9,294.15","","-0.32%"
"2019-09-25","9,323.63","9,323.63","9,323.63","9,323.63","","0.66%"
"2019-09-24","9,262.26","9,262.26","9,262.26","9,262.26","","-0.94%"
"2019-09-23","9,349.74","9,349.74","9,349.74","9,349.74","","-0.01%"
"2019-09-20","9,350.25","9,350.25","9,350.25","9,350.25","","-0.45%"
"2019-09-19","9,392.29","9,392.29","9,392.29","9,392.29","","-0.02%"
"2019-09-18","9,394.43","9,394.43","9,394.43","9,394.43","","-0.04%"
"2019-09-17","9,398.18","9,398.18","9,398.18","9,398.18","","0.22%"
"2019-09-16","9,377.79","9,377.79","9,377.79","9,377.79","","-0.18%"
"2019-09-13","9,394.57","9,394.57","9,394.57","9,394.57","","-0.06%"
"2019-09-12","9,399.74","9,399.74","9,399.74","9,399.74","","0.26%"
"2019-09-11","9,375.63","9,375.63","9,375.63","9,375.63","","0.85%"
"2019-09-10","9,296.34","9,296.34","9,296.34","9,296.34","","0.11%"
"2019-09-09","9,286.06","9,286.06","9,286.06","9,286.06","","0.05%"
"2019-09-06","9,281.31","9,281.31","9,281.31","9,281.31","","0.04%"
"2019-09-05","9,277.22","9,277.22","9,277.22","9,277.22","","1.35%"
"2019-09-04","9,154.05","9,154.05","9,154.05","9,154.05","","1.07%"
"2019-09-03","9,056.79","9,056.79","9,056.79","9,056.79","","-0.77%"
"2019-08-30","9,126.79","9,126.79","9,126.79","9,126.79","","0.06%"
"2019-08-29","9,121.26","9,121.26","9,121.26","9,121.26","","1.32%"
"2019-08-28","9,002.37","9,002.37","9,002.37","9,002.37","","0.67%"
"2019-08-27","8,942.48","8,942.48","8,942.48","8,942.48","","-0.43%"
"2019-08-26","8,981.12","8,981.12","8,981.12","8,981.12","","1.07%"
"2019-08-23","8,886.03","8,886.03","8,886.03","8,886.03","","-2.60%"
"2019-08-22","9,123.48","9,123.48","9,123.48","9,123.48","","-0.07%"
"2019-08-21","9,129.43","9,129.43","9,129.43","9,129.43","","0.83%"
"2019-08-20","9,054.09","9,054.09","9,054.09","9,054.09","","-0.75%"
"2019-08-19","9,122.58","9,122.58","9,122.58","9,122.58","","1.16%"
"2019-08-16","9,018.11","9,018.11","9,018.11","9,018.11","","1.54%"
"2019-08-15","8,881.76","8,881.76","8,881.76","8,881.76","","0.19%"
"2019-08-14","8,864.64","8,864.64","8,864.64","8,864.64","","-2.89%"
"2019-08-13","9,128.73","9,128.73","9,128.73","9,128.73","","1.42%"
"2019-08-12","9,000.78","9,000.78","9,000.78","9,000.78","","-1.22%"
"2019-08-09","9,112.37","9,112.37","9,112.37","9,112.37","","-0.72%"
"2019-08-08","9,178.47","9,178.47","9,178.47","9,178.47","","1.95%"
"2019-08-07","9,003.35","9,003.35","9,003.35","9,003.35","","0.11%"
"2019-08-06","8,993.87","8,993.87","8,993.87","8,993.87","","1.30%"
"2019-08-05","8,878.58","8,878.58","8,878.58","8,878.58","","-2.99%"
"2019-08-02","9,151.90","9,151.90","9,151.90","9,151.90","","-0.81%"
"2019-08-01","9,226.41","9,226.41","9,226.41","9,226.41","","-0.97%"
"2019-07-31","9,316.71","9,316.71","9,316.71","9,316.71","","-1.03%"
"2019-07-30","9,414.05","9,414.05","9,414.05","9,414.05","","-0.12%"
"2019-07-29","9,424.92","9,424.92","9,424.92","9,424.92","","-0.24%"
"2019-07-26","9,447.21","9,447.21","9,447.21","9,447.21","","0.79%"
"2019-07-25","9,373.20","9,373.20","9,373.20","9,373.20","","-0.61%"
"2019-07-24","9,430.73","9,430.73","9,430.73","9,430.73","","0.62%"
"2019-07-23","9,372.99","9,372.99","9,372.99","9,372.99","","0.68%"
"2019-07-22","9,309.38","9,309.38","9,309.38","9,309.38","","0.24%"
"2019-07-19","9,287.09","9,287.09","9,287.09","9,287.09","","-0.60%"
"2019-07-18","9,343.38","9,343.38","9,343.38","9,343.38","","0.36%"
"2019-07-17","9,309.81","9,309.81","9,309.81","9,309.81","","-0.62%"
"2019-07-16","9,368.09","9,368.09","9,368.09","9,368.09","","-0.30%"
"2019-07-15","9,396.62","9,396.62","9,396.62","9,396.62","","-0.02%"
"2019-07-12","9,398.59","9,398.59","9,398.59","9,398.59","","0.51%"
"2019-07-11","9,350.65","9,350.65","9,350.65","9,350.65","","0.16%"
"2019-07-10","9,335.77","9,335.77","9,335.77","9,335.77","","0.41%"
"2019-07-09","9,297.82","9,297.82","9,297.82","9,297.82","","0.19%"
"2019-07-08","9,279.88","9,279.88","9,279.88","9,279.88","","-0.54%"
"2019-07-05","9,330.02","9,330.02","9,330.02","9,330.02","","-0.12%"
"2019-07-03","9,341.00","9,341.00","9,341.00","9,341.00","","0.80%"
"2019-07-02","9,266.56","9,266.56","9,266.56","9,266.56","","0.21%"
"2019-07-01","9,247.17","9,247.17","9,247.17","9,247.17","","0.73%"
"2019-06-28","9,180.25","9,180.25","9,180.25","9,180.25","","0.67%"
"2019-06-27","9,119.08","9,119.08","9,119.08","9,119.08","","0.58%"
"2019-06-26","9,066.16","9,066.16","9,066.16","9,066.16","","-0.13%"
"2019-06-25","9,077.83","9,077.83","9,077.83","9,077.83","","-0.92%"
"2019-06-24","9,162.47","9,162.47","9,162.47","9,162.47","","-0.31%"
"2019-06-21","9,190.89","9,190.89","9,190.89","9,190.89","","-0.22%"
"2019-06-20","9,211.28","9,211.28","9,211.28","9,211.28","","0.90%"
"2019-06-19","9,129.32","9,129.32","9,129.32","9,129.32","","0.33%"
"2019-06-18","9,099.61","9,099.61","9,099.61","9,099.61","","1.00%"
"2019-06-17","9,009.64","9,009.64","9,009.64","9,009.64","","0.15%"
"2019-06-14","8,996.25","8,996.25","8,996.25","8,996.25","","-0.24%"
"2019-06-13","9,018.26","9,018.26","9,018.26","9,018.26","","0.50%"
"2019-06-12","8,973.77","8,973.77","8,973.77","8,973.77","","-0.18%"
"2019-06-11","8,989.95","8,989.95","8,989.95","8,989.95","","-0.07%"
"2019-06-10","8,996.15","8,996.15","8,996.15","8,996.15","","0.50%"
"2019-06-07","8,951.40","8,951.40","8,951.40","8,951.40","","1.00%"
"2019-06-06","8,862.49","8,862.49","8,862.49","8,862.49","","0.55%"
"2019-06-05","8,814.32","8,814.32","8,814.32","8,814.32","","0.75%"
"2019-06-04","8,748.65","8,748.65","8,748.65","8,748.65","","2.22%"
"2019-06-03","8,558.57","8,558.57","8,558.57","8,558.57","","-0.22%"
"2019-05-31","8,577.78","8,577.78","8,577.78","8,577.78","","-1.26%"
"2019-05-30","8,687.18","8,687.18","8,687.18","8,687.18","","0.17%"
"2019-05-29","8,672.04","8,672.04","8,672.04","8,672.04","","-0.71%"
"2019-05-28","8,733.72","8,733.72","8,733.72","8,733.72","","-0.82%"
"2019-05-24","8,805.63","8,805.63","8,805.63","8,805.63","","0.22%"
"2019-05-23","8,786.15","8,786.15","8,786.15","8,786.15","","-1.28%"
"2019-05-22","8,899.96","8,899.96","8,899.96","8,899.96","","-0.36%"
"2019-05-21","8,931.67","8,931.67","8,931.67","8,931.67","","0.93%"
"2019-05-20","8,849.52","8,849.52","8,849.52","8,849.52","","-0.70%"
"2019-05-17","8,912.03","8,912.03","8,912.03","8,912.03","","-0.68%"
"2019-05-16","8,972.91","8,972.91","8,972.91","8,972.91","","0.90%"
"2019-05-15","8,892.85","8,892.85","8,892.85","8,892.85","","0.58%"
"2019-05-14","8,841.36","8,841.36","8,841.36","8,841.36","","0.90%"
"2019-05-13","8,762.59","8,762.59","8,762.59","8,762.59","","-2.53%"
"2019-05-10","8,989.76","8,989.76","8,989.76","8,989.76","","0.38%"
"2019-05-09","8,955.81","8,955.81","8,955.81","8,955.81","","-0.25%"
"2019-05-08","8,978.68","8,978.68","8,978.68","8,978.68","","-0.18%"
"2019-05-07","8,994.80","8,994.80","8,994.80","8,994.80","","-1.70%"
"2019-05-06","9,150.00","9,150.00","9,150.00","9,150.00","","-0.38%"
"2019-05-03","9,184.97","9,184.97","9,184.97","9,184.97","","1.07%"
"2019-05-02","9,087.29","9,087.29","9,087.29","9,087.29","","-0.15%"
"2019-05-01","9,100.68","9,100.68","9,100.68","9,100.68","","-0.77%"
"2019-04-30","9,171.26","9,171.26","9,171.26","9,171.26","","0.06%"
"2019-04-29","9,166.17","9,166.17","9,166.17","9,166.17","","0.14%"
"2019-04-26","9,153.64","9,153.64","9,153.64","9,153.64","","0.54%"
"2019-04-25","9,104.44","9,104.44","9,104.44","9,104.44","","-0.14%"
"2019-04-24","9,116.84","9,116.84","9,116.84","9,116.84","","-0.17%"
"2019-04-23","9,132.18","9,132.18","9,132.18","9,132.18","","0.97%"
"2019-04-22","9,044.27","9,044.27","9,044.27","9,044.27","","0.05%"
"2019-04-18","9,039.36","9,039.36","9,039.36","9,039.36","","0.13%"
"2019-04-17","9,027.30","9,027.30","9,027.30","9,027.30","","-0.34%"
"2019-04-16","9,057.89","9,057.89","9,057.89","9,057.89","","0.05%"
"2019-04-15","9,053.66","9,053.66","9,053.66","9,053.66","","-0.09%"
"2019-04-12","9,061.69","9,061.69","9,061.69","9,061.69","","0.65%"
"2019-04-11","9,002.75","9,002.75","9,002.75","9,002.75","","0.01%"
"2019-04-10","9,001.79","9,001.79","9,001.79","9,001.79","","0.49%"
"2019-04-09","8,958.30","8,958.30","8,958.30","8,958.30","","-0.65%"
"2019-04-08","9,016.78","9,016.78","9,016.78","9,016.78","","0.08%"
"2019-04-05","9,009.29","9,009.29","9,009.29","9,009.29","","0.52%"
"2019-04-04","8,962.50","8,962.50","8,962.50","8,962.50","","0.20%"
"2019-04-03","8,944.33","8,944.33","8,944.33","8,944.33","","0.26%"
"2019-04-02","8,920.77","8,920.77","8,920.77","8,920.77","","-0.01%"
"2019-04-01","8,921.93","8,921.93","8,921.93","8,921.93","","1.17%"
"2019-03-29","8,819.10","8,819.10","8,819.10","8,819.10","","0.65%"
"2019-03-28","8,762.28","8,762.28","8,762.28","8,762.28","","0.45%"
"2019-03-27","8,722.70","8,722.70","8,722.70","8,722.70","","-0.46%"
"2019-03-26","8,762.92","8,762.92","8,762.92","8,762.92","","0.76%"
"2019-03-25","8,697.15","8,697.15","8,697.15","8,697.15","","-0.05%"
"2019-03-22","8,701.35","8,701.35","8,701.35","8,701.35","","-2.08%"
"2019-03-21","8,886.23","8,886.23","8,886.23","8,886.23","","1.14%"
"2019-03-20","8,785.81","8,785.81","8,785.81","8,785.81","","-0.35%"
"2019-03-19","8,816.72","8,816.72","8,816.72","8,816.72","","-0.08%"
"2019-03-18","8,823.84","8,823.84","8,823.84","8,823.84","","0.41%"
"2019-03-15","8,788.16","8,788.16","8,788.16","8,788.16","","0.46%"
"2019-03-14","8,748.31","8,748.31","8,748.31","8,748.31","","-0.08%"
"2019-03-13","8,755.35","8,755.35","8,755.35","8,755.35","","0.66%"
"2019-03-12","8,697.91","8,697.91","8,697.91","8,697.91","","0.28%"
"2019-03-11","8,673.30","8,673.30","8,673.30","8,673.30","","1.49%"
"2019-03-08","8,545.69","8,545.69","8,545.69","8,545.69","","-0.20%"
"2019-03-07","8,562.64","8,562.64","8,562.64","8,562.64","","-0.78%"
"2019-03-06","8,629.71","8,629.71","8,629.71","8,629.71","","-0.79%"
"2019-03-05","8,698.67","8,698.67","8,698.67","8,698.67","","-0.15%"
"2019-03-04","8,711.60","8,711.60","8,711.60","8,711.60","","-0.47%"
"2019-03-01","8,752.68","8,752.68","8,752.68","8,752.68","","0.70%"
"2019-02-28","8,692.18","8,692.18","8,692.18","8,692.18","","-0.27%"
"2019-02-27","8,715.82","8,715.82","8,715.82","8,715.82","","0.04%"
"2019-02-26","8,712.25","8,712.25","8,712.25","8,712.25","","-0.16%"
"2019-02-25","8,726.40","8,726.40","8,726.40","8,726.40","","0.13%"
"2019-02-22","8,715.31","8,715.31","8,715.31","8,715.31","","0.69%"
"2019-02-21","8,655.47","8,655.47","8,655.47","8,655.47","","-0.35%"
"2019-02-20","8,685.79","8,685.79","8,685.79","8,685.79","","0.20%"
"2019-02-19","8,668.56","8,668.56","8,668.56","8,668.56","","0.17%"
"2019-02-15","8,653.98","8,653.98","8,653.98","8,653.98","","1.11%"
"2019-02-14","8,558.75","8,558.75","8,558.75","8,558.75","","-0.18%"
"2019-02-13","8,574.54","8,574.54","8,574.54","8,574.54","","0.30%"
"2019-02-12","8,548.61","8,548.61","8,548.61","8,548.61","","1.28%"
"2019-02-11","8,440.19","8,440.19","8,440.19","8,440.19","","0.16%"
"2019-02-08","8,426.56","8,426.56","8,426.56","8,426.56","","0.10%"
"2019-02-07","8,417.92","8,417.92","8,417.92","8,417.92","","-0.87%"
"2019-02-06","8,492.10","8,492.10","8,492.10","8,492.10","","-0.21%"
"2019-02-05","8,509.92","8,509.92","8,509.92","8,509.92","","0.45%"
"2019-02-04","8,471.50","8,471.50","8,471.50","8,471.50","","0.72%"
"2019-02-01","8,411.15","8,411.15","8,411.15","8,411.15","","0.17%"
"2019-01-31","8,396.87","8,396.87","8,396.87","8,396.87","","0.87%"
"2019-01-30","8,324.29","8,324.29","8,324.29","8,324.29","","1.51%"
"2019-01-29","8,200.73","8,200.73","8,200.73","8,200.73","","-0.14%"
"2019-01-28","8,212.32","8,212.32","8,212.32","8,212.32","","-0.72%"
"2019-01-25","8,272.04","8,272.04","8,272.04","8,272.04","","0.93%"
"2019-01-24","8,195.86","8,195.86","8,195.86","8,195.86","","0.25%"
"2019-01-23","8,175.72","8,175.72","8,175.72","8,175.72","","0.16%"
"2019-01-22","8,162.98","8,162.98","8,162.98","8,162.98","","-1.44%"
"2019-01-18","8,281.99","8,281.99","8,281.99","8,281.99","","1.29%"
"2019-01-17","8,176.57","8,176.57","8,176.57","8,176.57","","0.79%"
"2019-01-16","8,112.83","8,112.83","8,112.83","8,112.83","","0.30%"
"2019-01-15","8,088.56","8,088.56","8,088.56","8,088.56","","1.04%"
"2019-01-14","8,005.51","8,005.51","8,005.51","8,005.51","","-0.57%"
"2019-01-11","8,051.33","8,051.33","8,051.33","8,051.33","","0.00%"
"2019-01-10","8,051.07","8,051.07","8,051.07","8,051.07","","0.47%"
"2019-01-09","8,013.12","8,013.12","8,013.12","8,013.12","","0.52%"
"2019-01-08","7,971.67","7,971.67","7,971.67","7,971.67","","1.06%"
"2019-01-07","7,888.40","7,888.40","7,888.40","7,888.40","","0.86%"
"2019-01-04","7,821.13","7,821.13","7,821.13","7,821.13","","3.46%"
"2019-01-03","7,559.58","7,559.58","7,559.58","7,559.58","","-2.35%"
"2019-01-02","7,741.16","7,741.16","7,741.16","7,741.16","","0.10%"
"2018-12-31","7,733.11","7,733.11","7,733.11","7,733.11","","0.88%"
"2018-12-28","7,665.86","7,665.86","7,665.86","7,665.86","","-0.04%"
"2018-12-27","7,668.84","7,668.84","7,668.84","7,668.84","","0.79%"
"2018-12-26","7,608.69","7,608.69","7,608.69","7,608.69","","4.97%"
"2018-12-24","7,248.54","7,248.54","7,248.54","7,248.54","","-2.63%"
"2018-12-21","7,444.64","7,444.64","7,444.64","7,444.64","","-2.11%"
"2018-12-20","7,604.81","7,604.81","7,604.81","7,604.81","","-1.60%"
"2018-12-19","7,728.59","7,728.59","7,728.59","7,728.59","","-1.56%"
"2018-12-18","7,851.45","7,851.45","7,851.45","7,851.45","","0.01%"
"2018-12-17","7,850.48","7,850.48","7,850.48","7,850.48","","-2.14%"
"2018-12-14","8,021.88","8,021.88","8,021.88","8,021.88","","-1.81%"
"2018-12-13","8,170.04","8,170.04","8,170.04","8,170.04","","-0.19%"
"2018-12-12","8,185.52","8,185.52","8,185.52","8,185.52","","0.60%"
"2018-12-11","8,137.09","8,137.09","8,137.09","8,137.09","","-0.07%"
"2018-12-10","8,142.46","8,142.46","8,142.46","8,142.46","","0.10%"
"2018-12-07","8,134.72","8,134.72","8,134.72","8,134.72","","-2.30%"
"2018-12-06","8,326.04","8,326.04","8,326.04","8,326.04","","-0.09%"
"2018-12-04","8,333.56","8,333.56","8,333.56","8,333.56","","-3.33%"
"2018-12-03","8,620.64","8,620.64","8,620.64","8,620.64","","1.10%"
"2018-11-30","8,526.68","8,526.68","8,526.68","8,526.68","","0.81%"
"2018-11-29","8,457.92","8,457.92","8,457.92","8,457.92","","-0.19%"
"2018-11-28","8,473.95","8,473.95","8,473.95","8,473.95","","2.33%"
"2018-11-27","8,281.01","8,281.01","8,281.01","8,281.01","","0.13%"
"2018-11-26","8,270.19","8,270.19","8,270.19","8,270.19","","1.54%"
"2018-11-23","8,144.49","8,144.49","8,144.49","8,144.49","","-0.55%"
"2018-11-21","8,189.47","8,189.47","8,189.47","8,189.47","","0.47%"
"2018-11-20","8,150.88","8,150.88","8,150.88","8,150.88","","-1.77%"
"2018-11-19","8,298.05","8,298.05","8,298.05","8,298.05","","-1.74%"
"2018-11-16","8,445.31","8,445.31","8,445.31","8,445.31","","0.23%"
"2018-11-15","8,426.29","8,426.29","8,426.29","8,426.29","","1.14%"
"2018-11-14","8,331.43","8,331.43","8,331.43","8,331.43","","-0.74%"
"2018-11-13","8,393.83","8,393.83","8,393.83","8,393.83","","-0.13%"
"2018-11-12","8,404.37","8,404.37","8,404.37","8,404.37","","-1.97%"
"2018-11-09","8,573.28","8,573.28","8,573.28","8,573.28","","-0.99%"
"2018-11-08","8,659.12","8,659.12","8,659.12","8,659.12","","-0.24%"
"2018-11-07","8,680.33","8,680.33","8,680.33","8,680.33","","2.05%"
"2018-11-06","8,506.05","8,506.05","8,506.05","8,506.05","","0.61%"
"2018-11-05","8,454.51","8,454.51","8,454.51","8,454.51","","0.45%"
"2018-11-02","8,416.46","8,416.46","8,416.46","8,416.46","","-0.55%"
"2018-11-01","8,462.91","8,462.91","8,462.91","8,462.91","","1.24%"
"2018-10-31","8,359.25","8,359.25","8,359.25","8,359.25","","1.08%"
"2018-10-30","8,270.16","8,270.16","8,270.16","8,270.16","","1.62%"
"2018-10-29","8,138.35","8,138.35","8,138.35","8,138.35","","-0.65%"
"2018-10-26","8,191.88","8,191.88","8,191.88","8,191.88","","-1.65%"
"2018-10-25","8,329.19","8,329.19","8,329.19","8,329.19","","1.88%"
"2018-10-24","8,175.89","8,175.89","8,175.89","8,175.89","","-3.17%"
"2018-10-23","8,443.22","8,443.22","8,443.22","8,443.22","","-0.57%"
"2018-10-22","8,491.81","8,491.81","8,491.81","8,491.81","","-0.41%"
"2018-10-19","8,526.46","8,526.46","8,526.46","8,526.46","","-0.20%"
"2018-10-18","8,543.18","8,543.18","8,543.18","8,543.18","","-1.47%"
"2018-10-17","8,670.86","8,670.86","8,670.86","8,670.86","","-0.08%"
"2018-10-16","8,677.94","8,677.94","8,677.94","8,677.94","","2.23%"
"2018-10-15","8,488.86","8,488.86","8,488.86","8,488.86","","-0.45%"
"2018-10-12","8,527.59","8,527.59","8,527.59","8,527.59","","1.31%"
"2018-10-11","8,417.63","8,417.63","8,417.63","8,417.63","","-2.01%"
"2018-10-10","8,590.50","8,590.50","8,590.50","8,590.50","","-3.24%"
"2018-10-09","8,878.34","8,878.34","8,878.34","8,878.34","","-0.17%"
"2018-10-08","8,893.43","8,893.43","8,893.43","8,893.43","","-0.11%"
"2018-10-05","8,903.40","8,903.40","8,903.40","8,903.40","","-0.60%"
"2018-10-04","8,957.33","8,957.33","8,957.33","8,957.33","","-0.90%"
"2018-10-03","9,038.79","9,038.79","9,038.79","9,038.79","","0.17%"
"2018-10-02","9,023.86","9,023.86","9,023.86","9,023.86","","-0.15%"
"2018-10-01","9,037.76","9,037.76","9,037.76","9,037.76","","0.16%"
"2018-09-28","9,023.69","9,023.69","9,023.69","9,023.69","","0.05%"
"2018-09-27","9,019.53","9,019.53","9,019.53","9,019.53","","0.27%"
"2018-09-26","8,995.64","8,995.64","8,995.64","8,995.64","","-0.41%"
"2018-09-25","9,033.05","9,033.05","9,033.05","9,033.05","","-0.07%"
"2018-09-24","9,039.28","9,039.28","9,039.28","9,039.28","","-0.36%"
"2018-09-21","9,072.02","9,072.02","9,072.02","9,072.02","","-0.09%"
"2018-09-20","9,079.89","9,079.89","9,079.89","9,079.89","","0.79%"
"2018-09-19","9,008.58","9,008.58","9,008.58","9,008.58","","0.02%"
"2018-09-18","9,006.34","9,006.34","9,006.34","9,006.34","","0.53%"
"2018-09-17","8,959.01","8,959.01","8,959.01","8,959.01","","-0.66%"
"2018-09-14","9,018.27","9,018.27","9,018.27","9,018.27","","0.10%"
"2018-09-13","9,009.22","9,009.22","9,009.22","9,009.22","","0.49%"
"2018-09-12","8,965.01","8,965.01","8,965.01","8,965.01","","0.03%"
"2018-09-11","8,962.60","8,962.60","8,962.60","8,962.60","","0.34%"
"2018-09-10","8,932.39","8,932.39","8,932.39","8,932.39","","0.22%"
"2018-09-07","8,912.95","8,912.95","8,912.95","8,912.95","","-0.21%"
"2018-09-06","8,931.62","8,931.62","8,931.62","8,931.62","","-0.37%"
"2018-09-05","8,965.08","8,965.08","8,965.08","8,965.08","","-0.33%"
"2018-09-04","8,994.58","8,994.58","8,994.58","8,994.58","","-0.16%"
"2018-08-31","9,008.78","9,008.78","9,008.78","9,008.78","","0.08%"
"2018-08-30","9,001.17","9,001.17","9,001.17","9,001.17","","-0.41%"
"2018-08-29","9,037.82","9,037.82","9,037.82","9,037.82","","0.55%"
"2018-08-28","8,988.67","8,988.67","8,988.67","8,988.67","","0.04%"
"2018-08-27","8,984.89","8,984.89","8,984.89","8,984.89","","0.71%"
"2018-08-24","8,921.46","8,921.46","8,921.46","8,921.46","","0.63%"
"2018-08-23","8,866.02","8,866.02","8,866.02","8,866.02","","-0.18%"
"2018-08-22","8,882.43","8,882.43","8,882.43","8,882.43","","0.01%"
"2018-08-21","8,881.58","8,881.58","8,881.58","8,881.58","","0.33%"
"2018-08-20","8,852.22","8,852.22","8,852.22","8,852.22","","0.27%"
"2018-08-17","8,828.76","8,828.76","8,828.76","8,828.76","","0.35%"
"2018-08-16","8,798.34","8,798.34","8,798.34","8,798.34","","0.82%"
"2018-08-15","8,726.52","8,726.52","8,726.52","8,726.52","","-0.81%"
"2018-08-14","8,798.19","8,798.19","8,798.19","8,798.19","","0.68%"
"2018-08-13","8,738.63","8,738.63","8,738.63","8,738.63","","-0.43%"
"2018-08-10","8,776.76","8,776.76","8,776.76","8,776.76","","-0.61%"
"2018-08-09","8,831.03","8,831.03","8,831.03","8,831.03","","-0.06%"
"2018-08-08","8,836.36","8,836.36","8,836.36","8,836.36","","-0.05%"
"2018-08-07","8,840.54","8,840.54","8,840.54","8,840.54","","0.29%"
"2018-08-06","8,814.64","8,814.64","8,814.64","8,814.64","","0.41%"
"2018-08-03","8,778.31","8,778.31","8,778.31","8,778.31","","0.35%"
"2018-08-02","8,747.50","8,747.50","8,747.50","8,747.50","","0.60%"
"2018-08-01","8,695.08","8,695.08","8,695.08","8,695.08","","-0.09%"
"2018-07-31","8,703.15","8,703.15","8,703.15","8,703.15","","0.58%"
"2018-07-30","8,653.31","8,653.31","8,653.31","8,653.31","","-0.62%"
"2018-07-27","8,707.50","8,707.50","8,707.50","8,707.50","","-0.81%"
"2018-07-26","8,778.22","8,778.22","8,778.22","8,778.22","","-0.18%"
"2018-07-25","8,793.81","8,793.81","8,793.81","8,793.81","","0.84%"
"2018-07-24","8,720.20","8,720.20","8,720.20","8,720.20","","0.22%"
"2018-07-23","8,701.46","8,701.46","8,701.46","8,701.46","","0.15%"
"2018-07-20","8,688.40","8,688.40","8,688.40","8,688.40","","-0.14%"
"2018-07-19","8,700.32","8,700.32","8,700.32","8,700.32","","-0.27%"
"2018-07-18","8,723.82","8,723.82","8,723.82","8,723.82","","0.24%"
"2018-07-17","8,703.36","8,703.36","8,703.36","8,703.36","","0.43%"
"2018-07-16","8,665.89","8,665.89","8,665.89","8,665.89","","-0.18%"
"2018-07-13","8,681.17","8,681.17","8,681.17","8,681.17","","0.07%"
"2018-07-12","8,675.50","8,675.50","8,675.50","8,675.50","","0.82%"
"2018-07-11","8,604.81","8,604.81","8,604.81","8,604.81","","-0.70%"
"2018-07-10","8,665.54","8,665.54","8,665.54","8,665.54","","0.25%"
"2018-07-09","8,644.04","8,644.04","8,644.04","8,644.04","","0.88%"
"2018-07-06","8,568.38","8,568.38","8,568.38","8,568.38","","0.87%"
"2018-07-05","8,494.33","8,494.33","8,494.33","8,494.33","","0.89%"
"2018-07-03","8,419.03","8,419.03","8,419.03","8,419.03","","-0.39%"
"2018-07-02","8,452.04","8,452.04","8,452.04","8,452.04","","0.34%"
"2018-06-29","8,423.60","8,423.60","8,423.60","8,423.60","","0.07%"
"2018-06-28","8,417.63","8,417.63","8,417.63","8,417.63","","0.62%"
"2018-06-27","8,365.95","8,365.95","8,365.95","8,365.95","","-0.97%"
"2018-06-26","8,447.59","8,447.59","8,447.59","8,447.59","","0.27%"
"2018-06-25","8,425.11","8,425.11","8,425.11","8,425.11","","-1.44%"
"2018-06-22","8,547.93","8,547.93","8,547.93","8,547.93","","0.15%"
"2018-06-21","8,534.93","8,534.93","8,534.93","8,534.93","","-0.69%"
"2018-06-20","8,594.08","8,594.08","8,594.08","8,594.08","","0.26%"
"2018-06-19","8,571.48","8,571.48","8,571.48","8,571.48","","-0.37%"
"2018-06-18","8,603.44","8,603.44","8,603.44","8,603.44","","-0.11%"
"2018-06-15","8,612.90","8,612.90","8,612.90","8,612.90","","-0.08%"
"2018-06-14","8,619.69","8,619.69","8,619.69","8,619.69","","0.30%"
"2018-06-13","8,593.87","8,593.87","8,593.87","8,593.87","","-0.41%"
"2018-06-12","8,629.21","8,629.21","8,629.21","8,629.21","","0.22%"
"2018-06-11","8,610.11","8,610.11","8,610.11","8,610.11","","0.10%"
"2018-06-08","8,601.30","8,601.30","8,601.30","8,601.30","","0.33%"
"2018-06-07","8,573.23","8,573.23","8,573.23","8,573.23","","-0.09%"
"2018-06-06","8,581.38","8,581.38","8,581.38","8,581.38","","0.85%"
"2018-06-05","8,509.03","8,509.03","8,509.03","8,509.03","","0.15%"
"2018-06-04","8,496.14","8,496.14","8,496.14","8,496.14","","0.47%"
"2018-06-01","8,456.46","8,456.46","8,456.46","8,456.46","","1.05%"
"2018-05-31","8,368.87","8,368.87","8,368.87","8,368.87","","-0.69%"
"2018-05-30","8,426.74","8,426.74","8,426.74","8,426.74","","1.30%"
"2018-05-29","8,318.72","8,318.72","8,318.72","8,318.72","","-1.01%"
"2018-05-25","8,403.49","8,403.49","8,403.49","8,403.49","","-0.20%"
"2018-05-24","8,420.10","8,420.10","8,420.10","8,420.10","","-0.16%"
"2018-05-23","8,433.46","8,433.46","8,433.46","8,433.46","","0.30%"
"2018-05-22","8,408.58","8,408.58","8,408.58","8,408.58","","-0.37%"
"2018-05-21","8,440.07","8,440.07","8,440.07","8,440.07","","0.74%"
"2018-05-18","8,378.19","8,378.19","8,378.19","8,378.19","","-0.20%"
"2018-05-17","8,394.77","8,394.77","8,394.77","8,394.77","","0.01%"
"2018-05-16","8,393.83","8,393.83","8,393.83","8,393.83","","0.48%"
"2018-05-15","8,353.55","8,353.55","8,353.55","8,353.55","","-0.60%"
"2018-05-14","8,403.78","8,403.78","8,403.78","8,403.78","","0.04%"
"2018-05-11","8,400.48","8,400.48","8,400.48","8,400.48","","0.18%"
"2018-05-10","8,385.05","8,385.05","8,385.05","8,385.05","","0.88%"
"2018-05-09","8,311.81","8,311.81","8,311.81","8,311.81","","0.92%"
"2018-05-08","8,235.67","8,235.67","8,235.67","8,235.67","","0.04%"
"2018-05-07","8,232.34","8,232.34","8,232.34","8,232.34","","0.43%"
"2018-05-04","8,197.49","8,197.49","8,197.49","8,197.49","","1.31%"
"2018-05-03","8,091.82","8,091.82","8,091.82","8,091.82","","-0.24%"
"2018-05-02","8,111.52","8,111.52","8,111.52","8,111.52","","-0.61%"
"2018-05-01","8,161.30","8,161.30","8,161.30","8,161.30","","0.27%"
"2018-04-30","8,139.10","8,139.10","8,139.10","8,139.10","","-0.80%"
"2018-04-27","8,204.81","8,204.81","8,204.81","8,204.81","","0.08%"
"2018-04-26","8,198.13","8,198.13","8,198.13","8,198.13","","0.97%"
"2018-04-25","8,119.50","8,119.50","8,119.50","8,119.50","","0.12%"
"2018-04-24","8,109.38","8,109.38","8,109.38","8,109.38","","-1.24%"
"2018-04-23","8,211.25","8,211.25","8,211.25","8,211.25","","-0.02%"
"2018-04-20","8,212.96","8,212.96","8,212.96","8,212.96","","-0.80%"
"2018-04-19","8,279.37","8,279.37","8,279.37","8,279.37","","-0.56%"
"2018-04-18","8,326.21","8,326.21","8,326.21","8,326.21","","0.12%"
"2018-04-17","8,316.12","8,316.12","8,316.12","8,316.12","","1.07%"
"2018-04-16","8,228.33","8,228.33","8,228.33","8,228.33","","0.83%"
"2018-04-13","8,160.81","8,160.81","8,160.81","8,160.81","","-0.32%"
"2018-04-12","8,187.05","8,187.05","8,187.05","8,187.05","","0.79%"
"2018-04-11","8,123.00","8,123.00","8,123.00","8,123.00","","-0.45%"
"2018-04-10","8,159.85","8,159.85","8,159.85","8,159.85","","1.69%"
"2018-04-09","8,024.08","8,024.08","8,024.08","8,024.08","","0.30%"
"2018-04-06","8,000.15","8,000.15","8,000.15","8,000.15","","-2.14%"
"2018-04-05","8,174.81","8,174.81","8,174.81","8,174.81","","0.71%"
"2018-04-04","8,117.18","8,117.18","8,117.18","8,117.18","","1.15%"
"2018-04-03","8,024.67","8,024.67","8,024.67","8,024.67","","1.25%"
"2018-04-02","7,925.67","7,925.67","7,925.67","7,925.67","","-2.25%"
"2018-03-29","8,108.28","8,108.28","8,108.28","8,108.28","","1.35%"
"2018-03-28","8,000.11","8,000.11","8,000.11","8,000.11","","-0.25%"
"2018-03-27","8,019.99","8,019.99","8,019.99","8,019.99","","-1.74%"
"2018-03-26","8,162.26","8,162.26","8,162.26","8,162.26","","2.62%"
"2018-03-23","7,953.92","7,953.92","7,953.92","7,953.92","","-2.07%"
"2018-03-22","8,121.86","8,121.86","8,121.86","8,121.86","","-2.47%"
"2018-03-21","8,327.88","8,327.88","8,327.88","8,327.88","","-0.08%"
"2018-03-20","8,334.31","8,334.31","8,334.31","8,334.31","","0.14%"
"2018-03-19","8,322.36","8,322.36","8,322.36","8,322.36","","-1.35%"
"2018-03-16","8,436.10","8,436.10","8,436.10","8,436.10","","0.24%"
"2018-03-15","8,416.22","8,416.22","8,416.22","8,416.22","","-0.13%"
"2018-03-14","8,427.48","8,427.48","8,427.48","8,427.48","","-0.52%"
"2018-03-13","8,471.84","8,471.84","8,471.84","8,471.84","","-0.62%"
"2018-03-12","8,524.28","8,524.28","8,524.28","8,524.28","","-0.06%"
"2018-03-09","8,529.65","8,529.65","8,529.65","8,529.65","","1.68%"
"2018-03-08","8,388.52","8,388.52","8,388.52","8,388.52","","0.39%"
"2018-03-07","8,355.86","8,355.86","8,355.86","8,355.86","","0.05%"
"2018-03-06","8,351.37","8,351.37","8,351.37","8,351.37","","0.38%"
"2018-03-05","8,320.14","8,320.14","8,320.14","8,320.14","","1.08%"
"2018-03-02","8,230.95","8,230.95","8,230.95","8,230.95","","0.66%"
"2018-03-01","8,177.37","8,177.37","8,177.37","8,177.37","","-1.17%"
"2018-02-28","8,274.38","8,274.38","8,274.38","8,274.38","","-1.10%"
"2018-02-27","8,366.24","8,366.24","8,366.24","8,366.24","","-1.27%"
"2018-02-26","8,474.08","8,474.08","8,474.08","8,474.08","","1.09%"
"2018-02-23","8,383.07","8,383.07","8,383.07","8,383.07","","1.55%"
"2018-02-22","8,255.23","8,255.23","8,255.23","8,255.23","","0.06%"
"2018-02-21","8,250.59","8,250.59","8,250.59","8,250.59","","-0.48%"
"2018-02-20","8,290.00","8,290.00","8,290.00","8,290.00","","-0.59%"
"2018-02-16","8,338.95","8,338.95","8,338.95","8,338.95","","0.07%"
"2018-02-15","8,332.89","8,332.89","8,332.89","8,332.89","","1.21%"
"2018-02-14","8,233.66","8,233.66","8,233.66","8,233.66","","1.43%"
"2018-02-13","8,117.21","8,117.21","8,117.21","8,117.21","","0.28%"
"2018-02-12","8,094.26","8,094.26","8,094.26","8,094.26","","1.34%"
"2018-02-09","7,987.52","7,987.52","7,987.52","7,987.52","","1.42%"
"2018-02-08","7,875.34","7,875.34","7,875.34","7,875.34","","-3.65%"
"2018-02-07","8,173.32","8,173.32","8,173.32","8,173.32","","-0.41%"
"2018-02-06","8,207.13","8,207.13","8,207.13","8,207.13","","1.61%"
"2018-02-05","8,076.73","8,076.73","8,076.73","8,076.73","","-3.98%"
"2018-02-02","8,411.68","8,411.68","8,411.68","8,411.68","","-2.09%"
"2018-02-01","8,590.88","8,590.88","8,590.88","8,590.88","","0.00%"
"2018-01-31","8,591.05","8,591.05","8,591.05","8,591.05","","0.00%"
"2018-01-30","8,591.10","8,591.10","8,591.10","8,591.10","","-1.06%"
"2018-01-29","8,683.32","8,683.32","8,683.32","8,683.32","","-0.67%"
"2018-01-26","8,742.33","8,742.33","8,742.33","8,742.33","","1.07%"
"2018-01-25","8,649.72","8,649.72","8,649.72","8,649.72","","0.05%"
"2018-01-24","8,645.54","8,645.54","8,645.54","8,645.54","","-0.13%"
"2018-01-23","8,656.84","8,656.84","8,656.84","8,656.84","","0.24%"
"2018-01-22","8,635.73","8,635.73","8,635.73","8,635.73","","0.78%"
"2018-01-19","8,568.53","8,568.53","8,568.53","8,568.53","","0.56%"
"2018-01-18","8,521.20","8,521.20","8,521.20","8,521.20","","-0.20%"
"2018-01-17","8,538.39","8,538.39","8,538.39","8,538.39","","0.92%"
"2018-01-16","8,460.31","8,460.31","8,460.31","8,460.31","","-0.45%"
"2018-01-12","8,498.86","8,498.86","8,498.86","8,498.86","","0.61%"
"2018-01-11","8,447.28","8,447.28","8,447.28","8,447.28","","0.83%"
"2018-01-10","8,377.43","8,377.43","8,377.43","8,377.43","","-0.12%"
"2018-01-09","8,387.50","8,387.50","8,387.50","8,387.50","","0.12%"
"2018-01-08","8,377.28","8,377.28","8,377.28","8,377.28","","0.19%"
"2018-01-05","8,361.78","8,361.78","8,361.78","8,361.78","","0.64%"
"2018-01-04","8,308.38","8,308.38","8,308.38","8,308.38","","0.38%"
"2018-01-03","8,276.86","8,276.86","8,276.86","8,276.86","","0.58%"
"2018-01-02","8,228.76","8,228.76","8,228.76","8,228.76","","0.83%"
"2017-12-29","8,160.88","8,160.88","8,160.88","8,160.88","","-0.54%"
"2017-12-28","8,205.06","8,205.06","8,205.06","8,205.06","","0.23%"
"2017-12-27","8,185.85","8,185.85","8,185.85","8,185.85","","0.08%"
"2017-12-26","8,179.36","8,179.36","8,179.36","8,179.36","","-0.07%"
"2017-12-22","8,185.44","8,185.44","8,185.44","8,185.44","","-0.05%"
"2017-12-21","8,189.38","8,189.38","8,189.38","8,189.38","","0.23%"
"2017-12-20","8,170.72","8,170.72","8,170.72","8,170.72","","-0.03%"
"2017-12-19","8,173.46","8,173.46","8,173.46","8,173.46","","-0.36%"
"2017-12-18","8,203.22","8,203.22","8,203.22","8,203.22","","0.63%"
"2017-12-15","8,151.99","8,151.99","8,151.99","8,151.99","","0.95%"
"2017-12-14","8,075.19","8,075.19","8,075.19","8,075.19","","-0.46%"
"2017-12-13","8,112.68","8,112.68","8,112.68","8,112.68","","0.00%"
"2017-12-12","8,112.89","8,112.89","8,112.89","8,112.89","","0.09%"
"2017-12-11","8,105.52","8,105.52","8,105.52","8,105.52","","0.27%"
"2017-12-08","8,083.92","8,083.92","8,083.92","8,083.92","","0.52%"
"2017-12-07","8,041.91","8,041.91","8,041.91","8,041.91","","0.39%"
"2017-12-06","8,010.57","8,010.57","8,010.57","8,010.57","","-0.08%"
"2017-12-05","8,017.00","8,017.00","8,017.00","8,017.00","","-0.44%"
"2017-12-04","8,052.21","8,052.21","8,052.21","8,052.21","","-0.14%"
"2017-12-01","8,063.21","8,063.21","8,063.21","8,063.21","","-0.21%"
"2017-11-30","8,080.12","8,080.12","8,080.12","8,080.12","","0.77%"
"2017-11-29","8,018.07","8,018.07","8,018.07","8,018.07","","0.00%"
"2017-11-28","8,018.00","8,018.00","8,018.00","8,018.00","","1.02%"
"2017-11-27","7,937.34","7,937.34","7,937.34","7,937.34","","-0.09%"
"2017-11-24","7,944.12","7,944.12","7,944.12","7,944.12","","0.20%"
"2017-11-22","7,928.02","7,928.02","7,928.02","7,928.02","","-0.06%"
"2017-11-21","7,933.10","7,933.10","7,933.10","7,933.10","","0.69%"
"2017-11-20","7,878.40","7,878.40","7,878.40","7,878.40","","0.19%"
"2017-11-17","7,863.45","7,863.45","7,863.45","7,863.45","","-0.14%"
"2017-11-16","7,874.44","7,874.44","7,874.44","7,874.44","","0.92%"
"2017-11-15","7,803.01","7,803.01","7,803.01","7,803.01","","-0.52%"
"2017-11-14","7,843.53","7,843.53","7,843.53","7,843.53","","-0.22%"
"2017-11-13","7,860.77","7,860.77","7,860.77","7,860.77","","0.09%"
"2017-11-10","7,853.59","7,853.59","7,853.59","7,853.59","","-0.03%"
"2017-11-09","7,855.78","7,855.78","7,855.78","7,855.78","","-0.37%"
"2017-11-08","7,885.23","7,885.23","7,885.23","7,885.23","","0.15%"
"2017-11-07","7,873.16","7,873.16","7,873.16","7,873.16","","-0.16%"
"2017-11-06","7,885.83","7,885.83","7,885.83","7,885.83","","0.16%"
"2017-11-03","7,873.18","7,873.18","7,873.18","7,873.18","","0.29%"
"2017-11-02","7,850.09","7,850.09","7,850.09","7,850.09","","0.04%"
"2017-11-01","7,847.26","7,847.26","7,847.26","7,847.26","","0.07%"
"2017-10-31","7,842.04","7,842.04","7,842.04","7,842.04","","0.19%"
"2017-10-30","7,826.98","7,826.98","7,826.98","7,826.98","","-0.40%"
"2017-10-27","7,858.19","7,858.19","7,858.19","7,858.19","","0.78%"
"2017-10-26","7,797.53","7,797.53","7,797.53","7,797.53","","0.17%"
"2017-10-25","7,784.19","7,784.19","7,784.19","7,784.19","","-0.49%"
"2017-10-24","7,822.45","7,822.45","7,822.45","7,822.45","","0.17%"
"2017-10-23","7,809.47","7,809.47","7,809.47","7,809.47","","-0.44%"
"2017-10-20","7,844.26","7,844.26","7,844.26","7,844.26","","0.52%"
"2017-10-19","7,803.41","7,803.41","7,803.41","7,803.41","","0.02%"
"2017-10-18","7,801.76","7,801.76","7,801.76","7,801.76","","0.11%"
"2017-10-17","7,793.11","7,793.11","7,793.11","7,793.11","","0.02%"
"2017-10-16","7,791.29","7,791.29","7,791.29","7,791.29","","0.15%"
"2017-10-13","7,779.56","7,779.56","7,779.56","7,779.56","","0.06%"
"2017-10-12","7,774.82","7,774.82","7,774.82","7,774.82","","-0.14%"
"2017-10-11","7,785.98","7,785.98","7,785.98","7,785.98","","0.16%"
"2017-10-10","7,773.90","7,773.90","7,773.90","7,773.90","","0.23%"
"2017-10-09","7,755.91","7,755.91","7,755.91","7,755.91","","-0.21%"
"2017-10-06","7,772.30","7,772.30","7,772.30","7,772.30","","-0.08%"
"2017-10-05","7,778.57","7,778.57","7,778.57","7,778.57","","0.54%"
"2017-10-04","7,736.99","7,736.99","7,736.99","7,736.99","","0.10%"
"2017-10-03","7,729.13","7,729.13","7,729.13","7,729.13","","0.23%"
"2017-10-02","7,711.52","7,711.52","7,711.52","7,711.52","","0.48%"
"2017-09-29","7,674.52","7,674.52","7,674.52","7,674.52","","0.35%"
"2017-09-28","7,647.99","7,647.99","7,647.99","7,647.99","","0.16%"
"2017-09-27","7,635.79","7,635.79","7,635.79","7,635.79","","0.54%"
"2017-09-26","7,595.13","7,595.13","7,595.13","7,595.13","","0.04%"
"2017-09-25","7,592.41","7,592.41","7,592.41","7,592.41","","-0.19%"
"2017-09-22","7,606.88","7,606.88","7,606.88","7,606.88","","0.11%"
"2017-09-21","7,598.55","7,598.55","7,598.55","7,598.55","","-0.28%"
"2017-09-20","7,620.02","7,620.02","7,620.02","7,620.02","","0.12%"
"2017-09-19","7,611.21","7,611.21","7,611.21","7,611.21","","0.09%"
"2017-09-18","7,604.66","7,604.66","7,604.66","7,604.66","","0.22%"
"2017-09-15","7,587.72","7,587.72","7,587.72","7,587.72","","0.23%"
"2017-09-14","7,570.56","7,570.56","7,570.56","7,570.56","","-0.08%"
"2017-09-13","7,576.43","7,576.43","7,576.43","7,576.43","","0.07%"
"2017-09-12","7,571.01","7,571.01","7,571.01","7,571.01","","0.38%"
"2017-09-11","7,542.50","7,542.50","7,542.50","7,542.50","","1.10%"
"2017-09-08","7,460.61","7,460.61","7,460.61","7,460.61","","-0.10%"
"2017-09-07","7,468.41","7,468.41","7,468.41","7,468.41","","-0.04%"
"2017-09-06","7,471.63","7,471.63","7,471.63","7,471.63","","0.28%"
"2017-09-05","7,450.70","7,450.70","7,450.70","7,450.70","","-0.80%"
"2017-09-01","7,510.92","7,510.92","7,510.92","7,510.92","","0.25%"
"2017-08-31","7,491.82","7,491.82","7,491.82","7,491.82","","0.65%"
"2017-08-30","7,443.22","7,443.22","7,443.22","7,443.22","","0.53%"
"2017-08-29","7,404.28","7,404.28","7,404.28","7,404.28","","0.08%"
"2017-08-28","7,398.35","7,398.35","7,398.35","7,398.35","","0.06%"
"2017-08-25","7,393.86","7,393.86","7,393.86","7,393.86","","0.19%"
"2017-08-24","7,379.95","7,379.95","7,379.95","7,379.95","","-0.14%"
"2017-08-23","7,390.34","7,390.34","7,390.34","7,390.34","","-0.29%"
"2017-08-22","7,412.09","7,412.09","7,412.09","7,412.09","","1.00%"
"2017-08-21","7,338.61","7,338.61","7,338.61","7,338.61","","0.10%"
"2017-08-18","7,331.31","7,331.31","7,331.31","7,331.31","","-0.17%"
"2017-08-17","7,343.99","7,343.99","7,343.99","7,343.99","","-1.55%"
"2017-08-16","7,459.98","7,459.98","7,459.98","7,459.98","","0.18%"
"2017-08-15","7,446.36","7,446.36","7,446.36","7,446.36","","-0.11%"
"2017-08-14","7,454.57","7,454.57","7,454.57","7,454.57","","1.05%"
"2017-08-11","7,377.36","7,377.36","7,377.36","7,377.36","","0.16%"
"2017-08-10","7,365.68","7,365.68","7,365.68","7,365.68","","-1.45%"
"2017-08-09","7,474.34","7,474.34","7,474.34","7,474.34","","-0.13%"
"2017-08-08","7,484.42","7,484.42","7,484.42","7,484.42","","-0.24%"
"2017-08-07","7,502.52","7,502.52","7,502.52","7,502.52","","0.15%"
"2017-08-04","7,491.03","7,491.03","7,491.03","7,491.03","","0.23%"
"2017-08-03","7,473.61","7,473.61","7,473.61","7,473.61","","-0.22%"
"2017-08-02","7,489.77","7,489.77","7,489.77","7,489.77","","-0.08%"
"2017-08-01","7,495.48","7,495.48","7,495.48","7,495.48","","0.24%"
"2017-07-31","7,477.41","7,477.41","7,477.41","7,477.41","","-0.09%"
"2017-07-28","7,484.09","7,484.09","7,484.09","7,484.09","","-0.15%"
"2017-07-27","7,495.19","7,495.19","7,495.19","7,495.19","","-0.17%"
"2017-07-26","7,508.10","7,508.10","7,508.10","7,508.10","","-0.04%"
"2017-07-25","7,511.42","7,511.42","7,511.42","7,511.42","","0.36%"
"2017-07-24","7,484.71","7,484.71","7,484.71","7,484.71","","-0.05%"
"2017-07-21","7,488.16","7,488.16","7,488.16","7,488.16","","-0.07%"
"2017-07-20","7,493.72","7,493.72","7,493.72","7,493.72","","-0.01%"
"2017-07-19","7,494.45","7,494.45","7,494.45","7,494.45","","0.61%"
"2017-07-18","7,448.98","7,448.98","7,448.98","7,448.98","","0.02%"
"2017-07-17","7,447.47","7,447.47","7,447.47","7,447.47","","0.02%"
"2017-07-14","7,446.02","7,446.02","7,446.02","7,446.02","","0.44%"
"2017-07-13","7,413.35","7,413.35","7,413.35","7,413.35","","0.18%"
"2017-07-12","7,400.09","7,400.09","7,400.09","7,400.09","","0.74%"
"2017-07-11","7,345.50","7,345.50","7,345.50","7,345.50","","-0.01%"
"2017-07-10","7,346.36","7,346.36","7,346.36","7,346.36","","0.02%"
"2017-07-07","7,344.74","7,344.74","7,344.74","7,344.74","","0.70%"
"2017-07-06","7,293.78","7,293.78","7,293.78","7,293.78","","-0.98%"
"2017-07-05","7,366.30","7,366.30","7,366.30","7,366.30","","0.07%"
"2017-07-03","7,361.01","7,361.01","7,361.01","7,361.01","","0.30%"
"2017-06-30","7,339.03","7,339.03","7,339.03","7,339.03","","0.15%"
"2017-06-29","7,328.14","7,328.14","7,328.14","7,328.14","","-0.84%"
"2017-06-28","7,390.16","7,390.16","7,390.16","7,390.16","","0.97%"
"2017-06-27","7,319.02","7,319.02","7,319.02","7,319.02","","-0.83%"
"2017-06-26","7,380.64","7,380.64","7,380.64","7,380.64","","0.07%"
"2017-06-23","7,375.60","7,375.60","7,375.60","7,375.60","","0.24%"
"2017-06-22","7,357.90","7,357.90","7,357.90","7,357.90","","0.01%"
"2017-06-21","7,357.31","7,357.31","7,357.31","7,357.31","","-0.09%"
"2017-06-20","7,363.60","7,363.60","7,363.60","7,363.60","","-0.72%"
"2017-06-19","7,416.99","7,416.99","7,416.99","7,416.99","","0.83%"
"2017-06-16","7,355.81","7,355.81","7,355.81","7,355.81","","-0.01%"
"2017-06-15","7,356.21","7,356.21","7,356.21","7,356.21","","-0.25%"
"2017-06-14","7,374.43","7,374.43","7,374.43","7,374.43","","-0.15%"
"2017-06-13","7,385.36","7,385.36","7,385.36","7,385.36","","0.51%"
"2017-06-12","7,347.61","7,347.61","7,347.61","7,347.61","","-0.08%"
"2017-06-09","7,353.66","7,353.66","7,353.66","7,353.66","","-0.05%"
"2017-06-08","7,357.18","7,357.18","7,357.18","7,357.18","","0.15%"
"2017-06-07","7,345.98","7,345.98","7,345.98","7,345.98","","0.16%"
"2017-06-06","7,334.47","7,334.47","7,334.47","7,334.47","","-0.27%"
"2017-06-05","7,354.56","7,354.56","7,354.56","7,354.56","","-0.19%"
"2017-06-02","7,368.32","7,368.32","7,368.32","7,368.32","","0.38%"
"2017-06-01","7,340.25","7,340.25","7,340.25","7,340.25","","0.92%"
"2017-05-31","7,273.39","7,273.39","7,273.39","7,273.39","","-0.01%"
"2017-05-30","7,274.48","7,274.48","7,274.48","7,274.48","","-0.19%"
"2017-05-26","7,287.98","7,287.98","7,287.98","7,287.98","","0.03%"
"2017-05-25","7,285.91","7,285.91","7,285.91","7,285.91","","0.40%"
"2017-05-24","7,256.61","7,256.61","7,256.61","7,256.61","","0.25%"
"2017-05-23","7,238.40","7,238.40","7,238.40","7,238.40","","0.18%"
"2017-05-22","7,225.38","7,225.38","7,225.38","7,225.38","","0.54%"
"2017-05-19","7,186.31","7,186.31","7,186.31","7,186.31","","0.69%"
"2017-05-18","7,137.38","7,137.38","7,137.38","7,137.38","","0.36%"
"2017-05-17","7,111.43","7,111.43","7,111.43","7,111.43","","-1.86%"
"2017-05-16","7,246.48","7,246.48","7,246.48","7,246.48","","-0.05%"
"2017-05-15","7,250.15","7,250.15","7,250.15","7,250.15","","0.53%"
"2017-05-12","7,211.81","7,211.81","7,211.81","7,211.81","","-0.19%"
"2017-05-11","7,225.58","7,225.58","7,225.58","7,225.58","","-0.25%"
"2017-05-10","7,243.68","7,243.68","7,243.68","7,243.68","","0.20%"
"2017-05-09","7,229.42","7,229.42","7,229.42","7,229.42","","-0.08%"
"2017-05-08","7,235.14","7,235.14","7,235.14","7,235.14","","-0.06%"
"2017-05-05","7,239.35","7,239.35","7,239.35","7,239.35","","0.48%"
"2017-05-04","7,204.92","7,204.92","7,204.92","7,204.92","","0.01%"
"2017-05-03","7,204.38","7,204.38","7,204.38","7,204.38","","-0.20%"
"2017-05-02","7,218.47","7,218.47","7,218.47","7,218.47","","0.04%"
"2017-05-01","7,215.33","7,215.33","7,215.33","7,215.33","","0.22%"
"2017-04-28","7,199.71","7,199.71","7,199.71","7,199.71","","-0.32%"
"2017-04-27","7,222.64","7,222.64","7,222.64","7,222.64","","0.06%"
"2017-04-26","7,218.39","7,218.39","7,218.39","7,218.39","","0.02%"
"2017-04-25","7,216.77","7,216.77","7,216.77","7,216.77","","0.63%"
"2017-04-24","7,171.30","7,171.30","7,171.30","7,171.30","","1.09%"
"2017-04-21","7,093.97","7,093.97","7,093.97","7,093.97","","-0.30%"
"2017-04-20","7,115.23","7,115.23","7,115.23","7,115.23","","0.80%"
"2017-04-19","7,058.93","7,058.93","7,058.93","7,058.93","","-0.09%"
"2017-04-18","7,064.96","7,064.96","7,064.96","7,064.96","","-0.24%"
"2017-04-17","7,081.95","7,081.95","7,081.95","7,081.95","","0.90%"
"2017-04-13","7,018.88","7,018.88","7,018.88","7,018.88","","-0.71%"
"2017-04-12","7,069.31","7,069.31","7,069.31","7,069.31","","-0.49%"
"2017-04-11","7,103.85","7,103.85","7,103.85","7,103.85","","-0.03%"
"2017-04-10","7,105.66","7,105.66","7,105.66","7,105.66","","0.11%"
"2017-04-07","7,098.12","7,098.12","7,098.12","7,098.12","","-0.07%"
"2017-04-06","7,103.32","7,103.32","7,103.32","7,103.32","","0.33%"
"2017-04-05","7,080.21","7,080.21","7,080.21","7,080.21","","-0.40%"
"2017-04-04","7,108.84","7,108.84","7,108.84","7,108.84","","0.05%"
"2017-04-03","7,104.99","7,104.99","7,104.99","7,104.99","","-0.27%"
"2017-03-31","7,124.20","7,124.20","7,124.20","7,124.20","","-0.16%"
"2017-03-30","7,135.55","7,135.55","7,135.55","7,135.55","","0.34%"
"2017-03-29","7,111.63","7,111.63","7,111.63","7,111.63","","0.17%"
"2017-03-28","7,099.71","7,099.71","7,099.71","7,099.71","","0.73%"
"2017-03-27","7,048.00","7,048.00","7,048.00","7,048.00","","-0.07%"
"2017-03-24","7,052.91","7,052.91","7,052.91","7,052.91","","-0.06%"
"2017-03-23","7,057.17","7,057.17","7,057.17","7,057.17","","-0.03%"
"2017-03-22","7,059.09","7,059.09","7,059.09","7,059.09","","0.17%"
"2017-03-21","7,047.13","7,047.13","7,047.13","7,047.13","","-1.41%"
"2017-03-20","7,147.79","7,147.79","7,147.79","7,147.79","","-0.25%"
"2017-03-17","7,165.67","7,165.67","7,165.67","7,165.67","","-0.07%"
"2017-03-16","7,170.65","7,170.65","7,170.65","7,170.65","","-0.11%"
"2017-03-15","7,178.41","7,178.41","7,178.41","7,178.41","","0.92%"
"2017-03-14","7,112.76","7,112.76","7,112.76","7,112.76","","-0.35%"
"2017-03-13","7,138.09","7,138.09","7,138.09","7,138.09","","0.11%"
"2017-03-10","7,130.33","7,130.33","7,130.33","7,130.33","","0.34%"
"2017-03-09","7,106.42","7,106.42","7,106.42","7,106.42","","0.00%"
"2017-03-08","7,106.14","7,106.14","7,106.14","7,106.14","","-0.25%"
"2017-03-07","7,124.07","7,124.07","7,124.07","7,124.07","","-0.34%"
"2017-03-06","7,148.39","7,148.39","7,148.39","7,148.39","","-0.38%"
"2017-03-03","7,175.66","7,175.66","7,175.66","7,175.66","","0.06%"
"2017-03-02","7,171.47","7,171.47","7,171.47","7,171.47","","-0.67%"
"2017-03-01","7,219.50","7,219.50","7,219.50","7,219.50","","1.41%"
"2017-02-28","7,119.35","7,119.35","7,119.35","7,119.35","","-0.40%"
"2017-02-27","7,148.28","7,148.28","7,148.28","7,148.28","","0.23%"
"2017-02-24","7,132.19","7,132.19","7,132.19","7,132.19","","0.16%"
"2017-02-23","7,120.77","7,120.77","7,120.77","7,120.77","","-0.05%"
"2017-02-22","7,124.52","7,124.52","7,124.52","7,124.52","","-0.15%"
"2017-02-21","7,135.24","7,135.24","7,135.24","7,135.24","","0.63%"
"2017-02-17","7,090.86","7,090.86","7,090.86","7,090.86","","0.16%"
"2017-02-16","7,079.29","7,079.29","7,079.29","7,079.29","","-0.11%"
"2017-02-15","7,086.97","7,086.97","7,086.97","7,086.97","","0.50%"
"2017-02-14","7,051.54","7,051.54","7,051.54","7,051.54","","0.41%"
"2017-02-13","7,022.67","7,022.67","7,022.67","7,022.67","","0.51%"
"2017-02-10","6,987.19","6,987.19","6,987.19","6,987.19","","0.39%"
"2017-02-09","6,959.77","6,959.77","6,959.77","6,959.77","","0.69%"
"2017-02-08","6,912.36","6,912.36","6,912.36","6,912.36","","0.09%"
"2017-02-07","6,906.32","6,906.32","6,906.32","6,906.32","","-0.03%"
"2017-02-06","6,908.27","6,908.27","6,908.27","6,908.27","","-0.26%"
"2017-02-03","6,926.16","6,926.16","6,926.16","6,926.16","","0.83%"
"2017-02-02","6,869.35","6,869.35","6,869.35","6,869.35","","0.05%"
"2017-02-01","6,865.66","6,865.66","6,865.66","6,865.66","","0.02%"
"2017-01-31","6,864.07","6,864.07","6,864.07","6,864.07","","0.02%"
"2017-01-30","6,862.65","6,862.65","6,862.65","6,862.65","","-0.68%"
"2017-01-27","6,909.31","6,909.31","6,909.31","6,909.31","","-0.13%"
"2017-01-26","6,918.40","6,918.40","6,918.40","6,918.40","","-0.12%"
"2017-01-25","6,926.48","6,926.48","6,926.48","6,926.48","","0.80%"
"2017-01-24","6,871.47","6,871.47","6,871.47","6,871.47","","0.78%"
"2017-01-23","6,818.10","6,818.10","6,818.10","6,818.10","","-0.26%"
"2017-01-20","6,835.70","6,835.70","6,835.70","6,835.70","","0.34%"
"2017-01-19","6,812.64","6,812.64","6,812.64","6,812.64","","-0.41%"
"2017-01-18","6,840.86","6,840.86","6,840.86","6,840.86","","0.24%"
"2017-01-17","6,824.41","6,824.41","6,824.41","6,824.41","","-0.43%"
"2017-01-13","6,853.68","6,853.68","6,853.68","6,853.68","","0.27%"
"2017-01-12","6,835.47","6,835.47","6,835.47","6,835.47","","-0.27%"
"2017-01-11","6,854.22","6,854.22","6,854.22","6,854.22","","0.28%"
"2017-01-10","6,835.34","6,835.34","6,835.34","6,835.34","","0.13%"
"2017-01-09","6,826.77","6,826.77","6,826.77","6,826.77","","-0.39%"
"2017-01-06","6,853.59","6,853.59","6,853.59","6,853.59","","0.30%"
"2017-01-05","6,832.87","6,832.87","6,832.87","6,832.87","","-0.20%"
"2017-01-04","6,846.30","6,846.30","6,846.30","6,846.30","","0.79%"
"2017-01-03","6,792.93","6,792.93","6,792.93","6,792.93","","0.83%"
"2016-12-30","6,737.26","6,737.26","6,737.26","6,737.26","","-0.44%"
"2016-12-29","6,767.18","6,767.18","6,767.18","6,767.18","","0.00%"
"2016-12-28","6,766.88","6,766.88","6,766.88","6,766.88","","-0.86%"
"2016-12-27","6,825.38","6,825.38","6,825.38","6,825.38","","0.25%"
"2016-12-23","6,808.41","6,808.41","6,808.41","6,808.41","","0.20%"
"2016-12-22","6,795.14","6,795.14","6,795.14","6,795.14","","-0.28%"
"2016-12-21","6,813.88","6,813.88","6,813.88","6,813.88","","-0.28%"
"2016-12-20","6,833.18","6,833.18","6,833.18","6,833.18","","0.43%"
"2016-12-19","6,803.87","6,803.87","6,803.87","6,803.87","","0.24%"
"2016-12-16","6,787.57","6,787.57","6,787.57","6,787.57","","-0.15%"
"2016-12-15","6,797.99","6,797.99","6,797.99","6,797.99","","0.41%"
"2016-12-14","6,770.11","6,770.11","6,770.11","6,770.11","","-0.87%"
"2016-12-13","6,829.41","6,829.41","6,829.41","6,829.41","","0.58%"
"2016-12-12","6,789.95","6,789.95","6,789.95","6,789.95","","-0.24%"
"2016-12-09","6,806.62","6,806.62","6,806.62","6,806.62","","0.48%"
"2016-12-08","6,773.84","6,773.84","6,773.84","6,773.84","","0.39%"
"2016-12-07","6,747.82","6,747.82","6,747.82","6,747.82","","1.27%"
"2016-12-06","6,663.35","6,663.35","6,663.35","6,663.35","","0.46%"
"2016-12-05","6,632.79","6,632.79","6,632.79","6,632.79","","0.73%"
"2016-12-02","6,584.84","6,584.84","6,584.84","6,584.84","","0.04%"
"2016-12-01","6,582.22","6,582.22","6,582.22","6,582.22","","-0.39%"
"2016-11-30","6,608.31","6,608.31","6,608.31","6,608.31","","-0.24%"
"2016-11-29","6,624.45","6,624.45","6,624.45","6,624.45","","0.13%"
"2016-11-28","6,615.72","6,615.72","6,615.72","6,615.72","","-0.61%"
"2016-11-25","6,656.48","6,656.48","6,656.48","6,656.48","","0.39%"
"2016-11-23","6,630.53","6,630.53","6,630.53","6,630.53","","0.16%"
"2016-11-22","6,620.13","6,620.13","6,620.13","6,620.13","","0.30%"
"2016-11-21","6,600.57","6,600.57","6,600.57","6,600.57","","0.73%"
"2016-11-18","6,553.00","6,553.00","6,553.00","6,553.00","","-0.16%"
"2016-11-17","6,563.26","6,563.26","6,563.26","6,563.26","","0.51%"
"2016-11-16","6,530.23","6,530.23","6,530.23","6,530.23","","-0.11%"
"2016-11-15","6,537.58","6,537.58","6,537.58","6,537.58","","0.72%"
"2016-11-14","6,490.71","6,490.71","6,490.71","6,490.71","","0.23%"
"2016-11-11","6,475.98","6,475.98","6,475.98","6,475.98","","0.12%"
"2016-11-10","6,468.08","6,468.08","6,468.08","6,468.08","","0.28%"
"2016-11-09","6,449.84","6,449.84","6,449.84","6,449.84","","1.30%"
"2016-11-08","6,366.98","6,366.98","6,366.98","6,366.98","","0.40%"
"2016-11-07","6,341.36","6,341.36","6,341.36","6,341.36","","2.22%"
"2016-11-04","6,203.77","6,203.77","6,203.77","6,203.77","","-0.07%"
"2016-11-03","6,208.05","6,208.05","6,208.05","6,208.05","","-0.40%"
"2016-11-02","6,233.16","6,233.16","6,233.16","6,233.16","","-0.74%"
"2016-11-01","6,279.44","6,279.44","6,279.44","6,279.44","","-0.71%"
"2016-10-31","6,324.05","6,324.05","6,324.05","6,324.05","","0.04%"
"2016-10-28","6,321.33","6,321.33","6,321.33","6,321.33","","-0.26%"
"2016-10-27","6,338.03","6,338.03","6,338.03","6,338.03","","-0.41%"
"2016-10-26","6,364.17","6,364.17","6,364.17","6,364.17","","-0.26%"
"2016-10-25","6,380.56","6,380.56","6,380.56","6,380.56","","-0.46%"
"2016-10-24","6,409.91","6,409.91","6,409.91","6,409.91","","0.49%"
"2016-10-21","6,378.70","6,378.70","6,378.70","6,378.70","","-0.02%"
"2016-10-20","6,379.85","6,379.85","6,379.85","6,379.85","","-0.16%"
"2016-10-19","6,390.02","6,390.02","6,390.02","6,390.02","","0.27%"
"2016-10-18","6,372.84","6,372.84","6,372.84","6,372.84","","0.62%"
"2016-10-17","6,333.72","6,333.72","6,333.72","6,333.72","","-0.28%"
"2016-10-14","6,351.39","6,351.39","6,351.39","6,351.39","","-0.02%"
"2016-10-13","6,352.91","6,352.91","6,352.91","6,352.91","","-0.35%"
"2016-10-12","6,375.26","6,375.26","6,375.26","6,375.26","","0.11%"
"2016-10-11","6,368.36","6,368.36","6,368.36","6,368.36","","-1.30%"
"2016-10-10","6,452.41","6,452.41","6,452.41","6,452.41","","0.53%"
"2016-10-07","6,418.61","6,418.61","6,418.61","6,418.61","","-0.37%"
"2016-10-06","6,442.75","6,442.75","6,442.75","6,442.75","","-0.01%"
"2016-10-05","6,443.42","6,443.42","6,443.42","6,443.42","","0.48%"
"2016-10-04","6,412.48","6,412.48","6,412.48","6,412.48","","-0.49%"
"2016-10-03","6,443.95","6,443.95","6,443.95","6,443.95","","-0.33%"
"2016-09-30","6,465.12","6,465.12","6,465.12","6,465.12","","0.81%"
"2016-09-29","6,413.13","6,413.13","6,413.13","6,413.13","","-0.98%"
"2016-09-28","6,476.31","6,476.31","6,476.31","6,476.31","","0.60%"
"2016-09-27","6,437.94","6,437.94","6,437.94","6,437.94","","0.58%"
"2016-09-26","6,400.78","6,400.78","6,400.78","6,400.78","","-0.83%"
"2016-09-23","6,454.43","6,454.43","6,454.43","6,454.43","","-0.58%"
"2016-09-22","6,491.81","6,491.81","6,491.81","6,491.81","","0.76%"
"2016-09-21","6,443.12","6,443.12","6,443.12","6,443.12","","1.12%"
"2016-09-20","6,371.75","6,371.75","6,371.75","6,371.75","","-0.03%"
"2016-09-19","6,373.66","6,373.66","6,373.66","6,373.66","","0.10%"
"2016-09-16","6,367.45","6,367.45","6,367.45","6,367.45","","-0.36%"
"2016-09-15","6,390.16","6,390.16","6,390.16","6,390.16","","1.04%"
"2016-09-14","6,324.37","6,324.37","6,324.37","6,324.37","","-0.05%"
"2016-09-13","6,327.83","6,327.83","6,327.83","6,327.83","","-1.51%"
"2016-09-12","6,425.08","6,425.08","6,425.08","6,425.08","","1.44%"
"2016-09-09","6,333.99","6,333.99","6,333.99","6,333.99","","-2.53%"
"2016-09-08","6,498.68","6,498.68","6,498.68","6,498.68","","-0.23%"
"2016-09-07","6,513.53","6,513.53","6,513.53","6,513.53","","0.10%"
"2016-09-06","6,507.23","6,507.23","6,507.23","6,507.23","","0.28%"
"2016-09-02","6,489.27","6,489.27","6,489.27","6,489.27","","0.51%"
"2016-09-01","6,456.26","6,456.26","6,456.26","6,456.26","","0.02%"
"2016-08-31","6,454.97","6,454.97","6,454.97","6,454.97","","-0.24%"
"2016-08-30","6,470.45","6,470.45","6,470.45","6,470.45","","-0.15%"
"2016-08-29","6,479.88","6,479.88","6,479.88","6,479.88","","0.54%"
"2016-08-26","6,444.81","6,444.81","6,444.81","6,444.81","","-0.18%"
"2016-08-25","6,456.21","6,456.21","6,456.21","6,456.21","","-0.07%"
"2016-08-24","6,461.03","6,461.03","6,461.03","6,461.03","","-0.58%"
"2016-08-23","6,498.44","6,498.44","6,498.44","6,498.44","","0.26%"
"2016-08-22","6,481.28","6,481.28","6,481.28","6,481.28","","-0.01%"
"2016-08-19","6,481.93","6,481.93","6,481.93","6,481.93","","-0.12%"
"2016-08-18","6,489.58","6,489.58","6,489.58","6,489.58","","0.29%"
"2016-08-17","6,470.50","6,470.50","6,470.50","6,470.50","","0.13%"
"2016-08-16","6,462.03","6,462.03","6,462.03","6,462.03","","-0.59%"
"2016-08-15","6,500.57","6,500.57","6,500.57","6,500.57","","0.38%"
"2016-08-12","6,475.68","6,475.68","6,475.68","6,475.68","","-0.06%"
"2016-08-11","6,479.63","6,479.63","6,479.63","6,479.63","","0.47%"
"2016-08-10","6,449.16","6,449.16","6,449.16","6,449.16","","-0.29%"
"2016-08-09","6,468.03","6,468.03","6,468.03","6,468.03","","0.06%"
"2016-08-08","6,464.11","6,464.11","6,464.11","6,464.11","","-0.07%"
"2016-08-05","6,468.68","6,468.68","6,468.68","6,468.68","","0.88%"
"2016-08-04","6,412.22","6,412.22","6,412.22","6,412.22","","0.05%"
"2016-08-03","6,408.80","6,408.80","6,408.80","6,408.80","","0.42%"
"2016-08-02","6,382.27","6,382.27","6,382.27","6,382.27","","-0.73%"
"2016-08-01","6,429.52","6,429.52","6,429.52","6,429.52","","-0.14%"
"2016-07-29","6,438.55","6,438.55","6,438.55","6,438.55","","0.20%"
"2016-07-28","6,425.95","6,425.95","6,425.95","6,425.95","","0.18%"
"2016-07-27","6,414.52","6,414.52","6,414.52","6,414.52","","-0.13%"
"2016-07-26","6,422.65","6,422.65","6,422.65","6,422.65","","0.12%"
"2016-07-25","6,414.98","6,414.98","6,414.98","6,414.98","","-0.29%"
"2016-07-22","6,433.90","6,433.90","6,433.90","6,433.90","","0.49%"
"2016-07-21","6,402.23","6,402.23","6,402.23","6,402.23","","-0.37%"
"2016-07-20","6,425.73","6,425.73","6,425.73","6,425.73","","0.49%"
"2016-07-19","6,394.54","6,394.54","6,394.54","6,394.54","","-0.19%"
"2016-07-18","6,406.51","6,406.51","6,406.51","6,406.51","","0.24%"
"2016-07-15","6,391.37","6,391.37","6,391.37","6,391.37","","-0.06%"
"2016-07-14","6,394.89","6,394.89","6,394.89","6,394.89","","0.47%"
"2016-07-13","6,365.28","6,365.28","6,365.28","6,365.28","","-0.04%"
"2016-07-12","6,367.58","6,367.58","6,367.58","6,367.58","","0.76%"
"2016-07-11","6,319.75","6,319.75","6,319.75","6,319.75","","0.42%"
"2016-07-08","6,293.58","6,293.58","6,293.58","6,293.58","","1.61%"
"2016-07-07","6,194.08","6,194.08","6,194.08","6,194.08","","-0.02%"
"2016-07-06","6,195.27","6,195.27","6,195.27","6,195.27","","0.58%"
"2016-07-05","6,159.76","6,159.76","6,159.76","6,159.76","","-0.78%"
"2016-07-01","6,208.26","6,208.26","6,208.26","6,208.26","","0.25%"
"2016-06-30","6,192.78","6,192.78","6,192.78","6,192.78","","1.40%"
"2016-06-29","6,107.55","6,107.55","6,107.55","6,107.55","","1.78%"
"2016-06-28","6,000.82","6,000.82","6,000.82","6,000.82","","1.82%"
"2016-06-27","5,893.42","5,893.42","5,893.42","5,893.42","","-2.02%"
"2016-06-24","6,014.93","6,014.93","6,014.93","6,014.93","","-3.65%"
"2016-06-23","6,242.57","6,242.57","6,242.57","6,242.57","","1.42%"
"2016-06-22","6,155.03","6,155.03","6,155.03","6,155.03","","-0.20%"
"2016-06-21","6,167.11","6,167.11","6,167.11","6,167.11","","0.20%"
"2016-06-20","6,154.84","6,154.84","6,154.84","6,154.84","","0.67%"
"2016-06-17","6,113.96","6,113.96","6,113.96","6,113.96","","-0.29%"
"2016-06-16","6,131.51","6,131.51","6,131.51","6,131.51","","0.25%"
"2016-06-15","6,116.06","6,116.06","6,116.06","6,116.06","","-0.10%"
"2016-06-14","6,122.48","6,122.48","6,122.48","6,122.48","","-0.20%"
"2016-06-13","6,134.83","6,134.83","6,134.83","6,134.83","","-0.80%"
"2016-06-10","6,184.50","6,184.50","6,184.50","6,184.50","","-1.03%"
"2016-06-09","6,248.85","6,248.85","6,248.85","6,248.85","","-0.23%"
"2016-06-08","6,263.24","6,263.24","6,263.24","6,263.24","","0.38%"
"2016-06-07","6,239.43","6,239.43","6,239.43","6,239.43","","0.16%"
"2016-06-06","6,229.48","6,229.48","6,229.48","6,229.48","","0.56%"
"2016-06-03","6,194.74","6,194.74","6,194.74","6,194.74","","-0.33%"
"2016-06-02","6,215.40","6,215.40","6,215.40","6,215.40","","0.37%"
"2016-06-01","6,192.72","6,192.72","6,192.72","6,192.72","","0.20%"
"2016-05-31","6,180.07","6,180.07","6,180.07","6,180.07","","-0.03%"
"2016-05-27","6,181.70","6,181.70","6,181.70","6,181.70","","0.50%"
"2016-05-26","6,151.02","6,151.02","6,151.02","6,151.02","","-0.04%"
"2016-05-25","6,153.40","6,153.40","6,153.40","6,153.40","","0.70%"
"2016-05-24","6,110.85","6,110.85","6,110.85","6,110.85","","1.43%"
"2016-05-23","6,024.60","6,024.60","6,024.60","6,024.60","","-0.20%"
"2016-05-20","6,036.44","6,036.44","6,036.44","6,036.44","","0.76%"
"2016-05-19","5,991.02","5,991.02","5,991.02","5,991.02","","-0.41%"
"2016-05-18","6,015.86","6,015.86","6,015.86","6,015.86","","0.05%"
"2016-05-17","6,013.03","6,013.03","6,013.03","6,013.03","","-0.95%"
"2016-05-16","6,070.41","6,070.41","6,070.41","6,070.41","","1.01%"
"2016-05-13","6,009.74","6,009.74","6,009.74","6,009.74","","-0.81%"
"2016-05-12","6,058.59","6,058.59","6,058.59","6,058.59","","-0.08%"
"2016-05-11","6,063.48","6,063.48","6,063.48","6,063.48","","-0.93%"
"2016-05-10","6,120.59","6,120.59","6,120.59","6,120.59","","1.23%"
"2016-05-09","6,046.09","6,046.09","6,046.09","6,046.09","","0.09%"
"2016-05-06","6,040.67","6,040.67","6,040.67","6,040.67","","0.36%"
"2016-05-05","6,019.14","6,019.14","6,019.14","6,019.14","","-0.06%"
"2016-05-04","6,022.87","6,022.87","6,022.87","6,022.87","","-0.59%"
"2016-05-03","6,058.89","6,058.89","6,058.89","6,058.89","","-0.99%"
"2016-05-02","6,119.25","6,119.25","6,119.25","6,119.25","","0.79%"
"2016-04-29","6,071.45","6,071.45","6,071.45","6,071.45","","-0.53%"
"2016-04-28","6,103.73","6,103.73","6,103.73","6,103.73","","-0.95%"
"2016-04-27","6,162.57","6,162.57","6,162.57","6,162.57","","0.20%"
"2016-04-26","6,150.54","6,150.54","6,150.54","6,150.54","","0.30%"
"2016-04-25","6,131.94","6,131.94","6,131.94","6,131.94","","-0.25%"
"2016-04-22","6,147.39","6,147.39","6,147.39","6,147.39","","0.15%"
"2016-04-21","6,138.42","6,138.42","6,138.42","6,138.42","","-0.52%"
"2016-04-20","6,170.39","6,170.39","6,170.39","6,170.39","","0.10%"
"2016-04-19","6,164.26","6,164.26","6,164.26","6,164.26","","0.30%"
"2016-04-18","6,145.63","6,145.63","6,145.63","6,145.63","","0.63%"
"2016-04-15","6,106.90","6,106.90","6,106.90","6,106.90","","-0.04%"
"2016-04-14","6,109.53","6,109.53","6,109.53","6,109.53","","-0.01%"
"2016-04-13","6,109.89","6,109.89","6,109.89","6,109.89","","1.18%"
"2016-04-12","6,038.54","6,038.54","6,038.54","6,038.54","","0.97%"
"2016-04-11","5,980.76","5,980.76","5,980.76","5,980.76","","-0.28%"
"2016-04-08","5,997.40","5,997.40","5,997.40","5,997.40","","0.31%"
"2016-04-07","5,978.75","5,978.75","5,978.75","5,978.75","","-1.21%"
"2016-04-06","6,052.28","6,052.28","6,052.28","6,052.28","","1.11%"
"2016-04-05","5,986.05","5,986.05","5,986.05","5,986.05","","-1.01%"
"2016-04-04","6,046.92","6,046.92","6,046.92","6,046.92","","-0.37%"
"2016-04-01","6,069.58","6,069.58","6,069.58","6,069.58","","0.59%"
"2016-03-31","6,034.05","6,034.05","6,034.05","6,034.05","","-0.10%"
"2016-03-30","6,040.28","6,040.28","6,040.28","6,040.28","","0.40%"
"2016-03-29","6,016.24","6,016.24","6,016.24","6,016.24","","1.09%"
"2016-03-28","5,951.16","5,951.16","5,951.16","5,951.16","","0.06%"
"2016-03-24","5,947.37","5,947.37","5,947.37","5,947.37","","0.01%"
"2016-03-23","5,946.89","5,946.89","5,946.89","5,946.89","","-0.82%"
"2016-03-22","5,995.97","5,995.97","5,995.97","5,995.97","","-0.05%"
"2016-03-21","5,998.97","5,998.97","5,998.97","5,998.97","","0.08%"
"2016-03-18","5,994.09","5,994.09","5,994.09","5,994.09","","0.49%"
"2016-03-17","5,965.01","5,965.01","5,965.01","5,965.01","","0.76%"
"2016-03-16","5,920.14","5,920.14","5,920.14","5,920.14","","0.63%"
"2016-03-15","5,882.99","5,882.99","5,882.99","5,882.99","","-0.36%"
"2016-03-14","5,904.20","5,904.20","5,904.20","5,904.20","","-0.15%"
"2016-03-11","5,913.02","5,913.02","5,913.02","5,913.02","","1.76%"
"2016-03-10","5,810.96","5,810.96","5,810.96","5,810.96","","-0.08%"
"2016-03-09","5,815.66","5,815.66","5,815.66","5,815.66","","0.52%"
"2016-03-08","5,785.79","5,785.79","5,785.79","5,785.79","","-1.29%"
"2016-03-07","5,861.65","5,861.65","5,861.65","5,861.65","","0.21%"
"2016-03-04","5,849.22","5,849.22","5,849.22","5,849.22","","0.38%"
"2016-03-03","5,827.20","5,827.20","5,827.20","5,827.20","","0.49%"
"2016-03-02","5,799.07","5,799.07","5,799.07","5,799.07","","0.52%"
"2016-03-01","5,768.90","5,768.90","5,768.90","5,768.90","","2.34%"
"2016-02-29","5,637.16","5,637.16","5,637.16","5,637.16","","-0.72%"
"2016-02-26","5,677.79","5,677.79","5,677.79","5,677.79","","-0.04%"
"2016-02-25","5,679.95","5,679.95","5,679.95","5,679.95","","1.15%"
"2016-02-24","5,615.20","5,615.20","5,615.20","5,615.20","","0.51%"
"2016-02-23","5,586.89","5,586.89","5,586.89","5,586.89","","-1.19%"
"2016-02-22","5,654.25","5,654.25","5,654.25","5,654.25","","1.44%"
"2016-02-19","5,573.89","5,573.89","5,573.89","5,573.89","","0.05%"
"2016-02-18","5,571.08","5,571.08","5,571.08","5,571.08","","-0.46%"
"2016-02-17","5,596.91","5,596.91","5,596.91","5,596.91","","1.70%"
"2016-02-16","5,503.52","5,503.52","5,503.52","5,503.52","","1.81%"
"2016-02-12","5,405.80","5,405.80","5,405.80","5,405.80","","1.97%"
"2016-02-11","5,301.37","5,301.37","5,301.37","5,301.37","","-1.23%"
"2016-02-10","5,367.22","5,367.22","5,367.22","5,367.22","","0.05%"
"2016-02-09","5,364.61","5,364.61","5,364.61","5,364.61","","-0.13%"
"2016-02-08","5,371.68","5,371.68","5,371.68","5,371.68","","-1.57%"
"2016-02-05","5,457.17","5,457.17","5,457.17","5,457.17","","-2.04%"
"2016-02-04","5,570.62","5,570.62","5,570.62","5,570.62","","0.27%"
"2016-02-03","5,555.89","5,555.89","5,555.89","5,555.89","","0.52%"
"2016-02-02","5,527.07","5,527.07","5,527.07","5,527.07","","-1.96%"
"2016-02-01","5,637.29","5,637.29","5,637.29","5,637.29","","-0.03%"
"2016-01-29","5,638.98","5,638.98","5,638.98","5,638.98","","2.59%"
"2016-01-28","5,496.86","5,496.86","5,496.86","5,496.86","","0.41%"
"2016-01-27","5,474.27","5,474.27","5,474.27","5,474.27","","-1.14%"
"2016-01-26","5,537.13","5,537.13","5,537.13","5,537.13","","1.53%"
"2016-01-25","5,453.70","5,453.70","5,453.70","5,453.70","","-1.66%"
"2016-01-22","5,545.89","5,545.89","5,545.89","5,545.89","","2.11%"
"2016-01-21","5,431.18","5,431.18","5,431.18","5,431.18","","0.43%"
"2016-01-20","5,408.00","5,408.00","5,408.00","5,408.00","","-1.00%"
"2016-01-19","5,462.73","5,462.73","5,462.73","5,462.73","","-0.15%"
"2016-01-15","5,470.88","5,470.88","5,470.88","5,470.88","","-2.10%"
"2016-01-14","5,588.05","5,588.05","5,588.05","5,588.05","","1.59%"
"2016-01-13","5,500.56","5,500.56","5,500.56","5,500.56","","-2.59%"
"2016-01-12","5,647.01","5,647.01","5,647.01","5,647.01","","0.68%"
"2016-01-11","5,608.61","5,608.61","5,608.61","5,608.61","","-0.02%"
"2016-01-08","5,609.90","5,609.90","5,609.90","5,609.90","","-1.14%"
"2016-01-07","5,674.51","5,674.51","5,674.51","5,674.51","","-2.43%"
"2016-01-06","5,815.73","5,815.73","5,815.73","5,815.73","","-1.32%"
"2016-01-05","5,893.74","5,893.74","5,893.74","5,893.74","","0.18%"
"2016-01-04","5,883.32","5,883.32","5,883.32","5,883.32","","-1.55%"
"2015-12-31","5,976.18","5,976.18","5,976.18","5,976.18","","-0.92%"
"2015-12-30","6,031.66","6,031.66","6,031.66","6,031.66","","-0.73%"
"2015-12-29","6,076.04","6,076.04","6,076.04","6,076.04","","1.05%"
"2015-12-28","6,012.62","6,012.62","6,012.62","6,012.62","","-0.26%"
"2015-12-24","6,028.14","6,028.14","6,028.14","6,028.14","","-0.12%"
"2015-12-23","6,035.10","6,035.10","6,035.10","6,035.10","","1.28%"
"2015-12-22","5,958.88","5,958.88","5,958.88","5,958.88","","0.88%"
"2015-12-21","5,906.76","5,906.76","5,906.76","5,906.76","","0.74%"
"2015-12-18","5,863.28","5,863.28","5,863.28","5,863.28","","-1.67%"
"2015-12-17","5,963.02","5,963.02","5,963.02","5,963.02","","-1.45%"
"2015-12-16","6,050.82","6,050.82","6,050.82","6,050.82","","1.46%"
"2015-12-15","5,963.51","5,963.51","5,963.51","5,963.51","","1.11%"
"2015-12-14","5,898.24","5,898.24","5,898.24","5,898.24","","0.29%"
"2015-12-11","5,881.47","5,881.47","5,881.47","5,881.47","","-1.95%"
"2015-12-10","5,998.19","5,998.19","5,998.19","5,998.19","","0.25%"
"2015-12-09","5,982.97","5,982.97","5,982.97","5,982.97","","-0.82%"
"2015-12-08","6,032.24","6,032.24","6,032.24","6,032.24","","-0.62%"
"2015-12-07","6,069.66","6,069.66","6,069.66","6,069.66","","-0.82%"
"2015-12-04","6,119.97","6,119.97","6,119.97","6,119.97","","1.88%"
"2015-12-03","6,007.20","6,007.20","6,007.20","6,007.20","","-1.47%"
"2015-12-02","6,096.90","6,096.90","6,096.90","6,096.90","","-1.07%"
"2015-12-01","6,162.61","6,162.61","6,162.61","6,162.61","","1.00%"
"2015-11-30","6,101.42","6,101.42","6,101.42","6,101.42","","-0.46%"
"2015-11-27","6,129.50","6,129.50","6,129.50","6,129.50","","0.12%"
"2015-11-25","6,122.25","6,122.25","6,122.25","6,122.25","","0.10%"
"2015-11-24","6,116.40","6,116.40","6,116.40","6,116.40","","0.20%"
"2015-11-23","6,103.96","6,103.96","6,103.96","6,103.96","","-0.05%"
"2015-11-20","6,106.72","6,106.72","6,106.72","6,106.72","","0.40%"
"2015-11-19","6,082.26","6,082.26","6,082.26","6,082.26","","-0.14%"
"2015-11-18","6,090.68","6,090.68","6,090.68","6,090.68","","1.62%"
"2015-11-17","5,993.41","5,993.41","5,993.41","5,993.41","","-0.13%"
"2015-11-16","6,001.16","6,001.16","6,001.16","6,001.16","","1.41%"
"2015-11-13","5,917.80","5,917.80","5,917.80","5,917.80","","-1.04%"
"2015-11-12","5,980.06","5,980.06","5,980.06","5,980.06","","-1.46%"
"2015-11-11","6,068.35","6,068.35","6,068.35","6,068.35","","-0.40%"
"2015-11-10","6,092.53","6,092.53","6,092.53","6,092.53","","0.19%"
"2015-11-09","6,080.79","6,080.79","6,080.79","6,080.79","","-0.98%"
"2015-11-06","6,140.80","6,140.80","6,140.80","6,140.80","","0.03%"
"2015-11-05","6,139.01","6,139.01","6,139.01","6,139.01","","-0.10%"
"2015-11-04","6,144.94","6,144.94","6,144.94","6,144.94","","-0.28%"
"2015-11-03","6,162.29","6,162.29","6,162.29","6,162.29","","0.27%"
"2015-11-02","6,145.96","6,145.96","6,145.96","6,145.96","","1.29%"
"2015-10-30","6,067.78","6,067.78","6,067.78","6,067.78","","-0.41%"
"2015-10-29","6,092.87","6,092.87","6,092.87","6,092.87","","-0.17%"
"2015-10-28","6,103.12","6,103.12","6,103.12","6,103.12","","1.39%"
"2015-10-27","6,019.51","6,019.51","6,019.51","6,019.51","","-0.37%"
"2015-10-26","6,041.89","6,041.89","6,041.89","6,041.89","","-0.21%"
"2015-10-23","6,054.50","6,054.50","6,054.50","6,054.50","","1.04%"
"2015-10-22","5,992.42","5,992.42","5,992.42","5,992.42","","1.50%"
"2015-10-21","5,903.85","5,903.85","5,903.85","5,903.85","","-0.71%"
"2015-10-20","5,946.35","5,946.35","5,946.35","5,946.35","","-0.13%"
"2015-10-19","5,954.34","5,954.34","5,954.34","5,954.34","","0.04%"
"2015-10-16","5,951.75","5,951.75","5,951.75","5,951.75","","0.37%"
"2015-10-15","5,929.54","5,929.54","5,929.54","5,929.54","","1.55%"
"2015-10-14","5,839.20","5,839.20","5,839.20","5,839.20","","-0.51%"
"2015-10-13","5,869.35","5,869.35","5,869.35","5,869.35","","-0.76%"
"2015-10-12","5,914.24","5,914.24","5,914.24","5,914.24","","0.07%"
"2015-10-09","5,910.17","5,910.17","5,910.17","5,910.17","","0.10%"
"2015-10-08","5,904.31","5,904.31","5,904.31","5,904.31","","0.88%"
"2015-10-07","5,852.96","5,852.96","5,852.96","5,852.96","","0.94%"
"2015-10-06","5,798.44","5,798.44","5,798.44","5,798.44","","-0.42%"
"2015-10-05","5,822.71","5,822.71","5,822.71","5,822.71","","1.87%"
"2015-10-02","5,715.55","5,715.55","5,715.55","5,715.55","","1.48%"
"2015-10-01","5,632.08","5,632.08","5,632.08","5,632.08","","0.15%"
"2015-09-30","5,623.60","5,623.60","5,623.60","5,623.60","","1.86%"
"2015-09-29","5,520.89","5,520.89","5,520.89","5,520.89","","0.02%"
"2015-09-28","5,519.69","5,519.69","5,519.69","5,519.69","","-2.64%"
"2015-09-25","5,669.40","5,669.40","5,669.40","5,669.40","","-0.20%"
"2015-09-24","5,680.59","5,680.59","5,680.59","5,680.59","","-0.37%"
"2015-09-23","5,701.56","5,701.56","5,701.56","5,701.56","","-0.23%"
"2015-09-22","5,714.83","5,714.83","5,714.83","5,714.83","","-1.28%"
"2015-09-21","5,789.10","5,789.10","5,789.10","5,789.10","","0.36%"
"2015-09-18","5,768.42","5,768.42","5,768.42","5,768.42","","-1.58%"
"2015-09-17","5,860.93","5,860.93","5,860.93","5,860.93","","-0.14%"
"2015-09-16","5,869.06","5,869.06","5,869.06","5,869.06","","0.87%"
"2015-09-15","5,818.20","5,818.20","5,818.20","5,818.20","","1.24%"
"2015-09-14","5,746.83","5,746.83","5,746.83","5,746.83","","-0.40%"
"2015-09-11","5,769.70","5,769.70","5,769.70","5,769.70","","0.48%"
"2015-09-10","5,742.35","5,742.35","5,742.35","5,742.35","","0.49%"
"2015-09-09","5,714.35","5,714.35","5,714.35","5,714.35","","-1.34%"
"2015-09-08","5,791.85","5,791.85","5,791.85","5,791.85","","2.47%"
"2015-09-04","5,652.08","5,652.08","5,652.08","5,652.08","","-1.42%"
"2015-09-03","5,733.59","5,733.59","5,733.59","5,733.59","","0.14%"
"2015-09-02","5,725.76","5,725.76","5,725.76","5,725.76","","1.80%"
"2015-09-01","5,624.57","5,624.57","5,624.57","5,624.57","","-2.90%"
"2015-08-31","5,792.39","5,792.39","5,792.39","5,792.39","","-0.79%"
"2015-08-28","5,838.38","5,838.38","5,838.38","5,838.38","","0.20%"
"2015-08-27","5,826.68","5,826.68","5,826.68","5,826.68","","2.42%"
"2015-08-26","5,688.90","5,688.90","5,688.90","5,688.90","","3.65%"
"2015-08-25","5,488.50","5,488.50","5,488.50","5,488.50","","-1.24%"
"2015-08-24","5,557.22","5,557.22","5,557.22","5,557.22","","-3.94%"
"2015-08-21","5,785.43","5,785.43","5,785.43","5,785.43","","-2.94%"
"2015-08-20","5,960.64","5,960.64","5,960.64","5,960.64","","-2.20%"
"2015-08-19","6,094.90","6,094.90","6,094.90","6,094.90","","-0.85%"
"2015-08-18","6,147.08","6,147.08","6,147.08","6,147.08","","-0.31%"
"2015-08-17","6,166.35","6,166.35","6,166.35","6,166.35","","0.62%"
"2015-08-14","6,128.10","6,128.10","6,128.10","6,128.10","","0.42%"
"2015-08-13","6,102.49","6,102.49","6,102.49","6,102.49","","-0.12%"
"2015-08-12","6,109.68","6,109.68","6,109.68","6,109.68","","0.07%"
"2015-08-11","6,105.20","6,105.20","6,105.20","6,105.20","","-0.93%"
"2015-08-10","6,162.41","6,162.41","6,162.41","6,162.41","","1.29%"
"2015-08-07","6,084.03","6,084.03","6,084.03","6,084.03","","-0.31%"
"2015-08-06","6,102.66","6,102.66","6,102.66","6,102.66","","-0.83%"
"2015-08-05","6,153.77","6,153.77","6,153.77","6,153.77","","0.34%"
"2015-08-04","6,133.21","6,133.21","6,133.21","6,133.21","","-0.20%"
"2015-08-03","6,145.46","6,145.46","6,145.46","6,145.46","","-0.31%"
"2015-07-31","6,164.54","6,164.54","6,164.54","6,164.54","","-0.12%"
"2015-07-30","6,172.09","6,172.09","6,172.09","6,172.09","","0.06%"
"2015-07-29","6,168.50","6,168.50","6,168.50","6,168.50","","0.74%"
"2015-07-28","6,123.15","6,123.15","6,123.15","6,123.15","","1.21%"
"2015-07-27","6,050.02","6,050.02","6,050.02","6,050.02","","-0.67%"
"2015-07-24","6,090.58","6,090.58","6,090.58","6,090.58","","-1.08%"
"2015-07-23","6,156.85","6,156.85","6,156.85","6,156.85","","-0.59%"
"2015-07-22","6,193.25","6,193.25","6,193.25","6,193.25","","-0.16%"
"2015-07-21","6,203.13","6,203.13","6,203.13","6,203.13","","-0.45%"
"2015-07-20","6,231.22","6,231.22","6,231.22","6,231.22","","0.01%"
"2015-07-17","6,230.58","6,230.58","6,230.58","6,230.58","","0.01%"
"2015-07-16","6,229.82","6,229.82","6,229.82","6,229.82","","0.75%"
"2015-07-15","6,183.18","6,183.18","6,183.18","6,183.18","","-0.18%"
"2015-07-14","6,194.17","6,194.17","6,194.17","6,194.17","","0.48%"
"2015-07-13","6,164.66","6,164.66","6,164.66","6,164.66","","1.09%"
"2015-07-10","6,098.11","6,098.11","6,098.11","6,098.11","","1.24%"
"2015-07-09","6,023.66","6,023.66","6,023.66","6,023.66","","0.25%"
"2015-07-08","6,008.73","6,008.73","6,008.73","6,008.73","","-1.64%"
"2015-07-07","6,109.13","6,109.13","6,109.13","6,109.13","","0.55%"
"2015-07-06","6,075.43","6,075.43","6,075.43","6,075.43","","-0.35%"
"2015-07-03","6,096.60","6,096.60","6,096.60","6,096.60","","0.00%"
"2015-07-02","6,096.60","6,096.60","6,096.60","6,096.60","","-0.09%"
"2015-07-01","6,101.79","6,101.79","6,101.79","6,101.79","","0.64%"
"2015-06-30","6,063.13","6,063.13","6,063.13","6,063.13","","0.33%"
"2015-06-29","6,043.29","6,043.29","6,043.29","6,043.29","","-2.13%"
"2015-06-26","6,174.84","6,174.84","6,174.84","6,174.84","","-0.04%"
"2015-06-25","6,177.23","6,177.23","6,177.23","6,177.23","","-0.27%"
"2015-06-24","6,194.04","6,194.04","6,194.04","6,194.04","","-0.78%"
"2015-06-23","6,243.00","6,243.00","6,243.00","6,243.00","","0.10%"
"2015-06-22","6,237.06","6,237.06","6,237.06","6,237.06","","0.59%"
"2015-06-19","6,200.68","6,200.68","6,200.68","6,200.68","","-0.45%"
"2015-06-18","6,228.81","6,228.81","6,228.81","6,228.81","","1.02%"
"2015-06-17","6,166.20","6,166.20","6,166.20","6,166.20","","0.17%"
"2015-06-16","6,155.54","6,155.54","6,155.54","6,155.54","","0.57%"
"2015-06-15","6,120.71","6,120.71","6,120.71","6,120.71","","-0.46%"
"2015-06-12","6,148.77","6,148.77","6,148.77","6,148.77","","-0.63%"
"2015-06-11","6,188.04","6,188.04","6,188.04","6,188.04","","0.24%"
"2015-06-10","6,173.36","6,173.36","6,173.36","6,173.36","","1.20%"
"2015-06-09","6,100.28","6,100.28","6,100.28","6,100.28","","-0.01%"
"2015-06-08","6,100.59","6,100.59","6,100.59","6,100.59","","-0.65%"
"2015-06-05","6,140.40","6,140.40","6,140.40","6,140.40","","-0.01%"
"2015-06-04","6,141.13","6,141.13","6,141.13","6,141.13","","-0.87%"
"2015-06-03","6,194.88","6,194.88","6,194.88","6,194.88","","0.31%"
"2015-06-02","6,175.65","6,175.65","6,175.65","6,175.65","","-0.06%"
"2015-06-01","6,179.40","6,179.40","6,179.40","6,179.40","","0.21%"
"2015-05-29","6,166.30","6,166.30","6,166.30","6,166.30","","-0.60%"
"2015-05-28","6,203.61","6,203.61","6,203.61","6,203.61","","-0.11%"
"2015-05-27","6,210.50","6,210.50","6,210.50","6,210.50","","0.93%"
"2015-05-26","6,153.26","6,153.26","6,153.26","6,153.26","","-1.02%"
"2015-05-25","6,216.53","6,216.53","6,216.53","6,216.53","","0.00%"
"2015-05-22","6,216.53","6,216.53","6,216.53","6,216.53","","-0.22%"
"2015-05-21","6,230.14","6,230.14","6,230.14","6,230.14","","0.22%"
"2015-05-20","6,216.55","6,216.55","6,216.55","6,216.55","","-0.06%"
"2015-05-19","6,220.13","6,220.13","6,220.13","6,220.13","","-0.07%"
"2015-05-18","6,224.48","6,224.48","6,224.48","6,224.48","","0.41%"
"2015-05-15","6,199.14","6,199.14","6,199.14","6,199.14","","0.09%"
"2015-05-14","6,193.45","6,193.45","6,193.45","6,193.45","","1.06%"
"2015-05-13","6,128.30","6,128.30","6,128.30","6,128.30","","-0.01%"
"2015-05-12","6,128.78","6,128.78","6,128.78","6,128.78","","-0.27%"
"2015-05-11","6,145.39","6,145.39","6,145.39","6,145.39","","-0.41%"
"2015-05-08","6,170.82","6,170.82","6,170.82","6,170.82","","1.25%"
"2015-05-07","6,094.58","6,094.58","6,094.58","6,094.58","","0.42%"
"2015-05-06","6,069.14","6,069.14","6,069.14","6,069.14","","-0.31%"
"2015-05-05","6,088.10","6,088.10","6,088.10","6,088.10","","-1.21%"
"2015-05-04","6,162.81","6,162.81","6,162.81","6,162.81","","0.30%"
"2015-05-01","6,144.14","6,144.14","6,144.14","6,144.14","","1.02%"
"2015-04-30","6,082.17","6,082.17","6,082.17","6,082.17","","-1.11%"
"2015-04-29","6,150.69","6,150.69","6,150.69","6,150.69","","-0.42%"
"2015-04-28","6,176.70","6,176.70","6,176.70","6,176.70","","0.26%"
"2015-04-27","6,160.49","6,160.49","6,160.49","6,160.49","","-0.50%"
"2015-04-24","6,191.61","6,191.61","6,191.61","6,191.61","","0.12%"
"2015-04-23","6,183.94","6,183.94","6,183.94","6,183.94","","0.28%"
"2015-04-22","6,166.49","6,166.49","6,166.49","6,166.49","","0.46%"
"2015-04-21","6,138.29","6,138.29","6,138.29","6,138.29","","-0.10%"
"2015-04-20","6,144.72","6,144.72","6,144.72","6,144.72","","0.91%"
"2015-04-17","6,089.60","6,089.60","6,089.60","6,089.60","","-1.18%"
"2015-04-16","6,162.28","6,162.28","6,162.28","6,162.28","","-0.08%"
"2015-04-15","6,167.00","6,167.00","6,167.00","6,167.00","","0.53%"
"2015-04-14","6,134.25","6,134.25","6,134.25","6,134.25","","0.13%"
"2015-04-13","6,126.13","6,126.13","6,126.13","6,126.13","","-0.40%"
"2015-04-10","6,150.70","6,150.70","6,150.70","6,150.70","","0.49%"
"2015-04-09","6,120.85","6,120.85","6,120.85","6,120.85","","0.34%"
"2015-04-08","6,099.96","6,099.96","6,099.96","6,099.96","","0.37%"
"2015-04-07","6,077.58","6,077.58","6,077.58","6,077.58","","-0.26%"
"2015-04-06","6,093.72","6,093.72","6,093.72","6,093.72","","0.64%"
"2015-04-03","6,054.72","6,054.72","6,054.72","6,054.72","","0.00%"
"2015-04-02","6,054.72","6,054.72","6,054.72","6,054.72","","0.36%"
"2015-04-01","6,032.74","6,032.74","6,032.74","6,032.74","","-0.36%"
"2015-03-31","6,054.78","6,054.78","6,054.78","6,054.78","","-0.78%"
"2015-03-30","6,102.66","6,102.66","6,102.66","6,102.66","","1.25%"
"2015-03-27","6,027.31","6,027.31","6,027.31","6,027.31","","0.34%"
"2015-03-26","6,007.07","6,007.07","6,007.07","6,007.07","","-0.22%"
"2015-03-25","6,020.29","6,020.29","6,020.29","6,020.29","","-1.54%"
"2015-03-24","6,114.62","6,114.62","6,114.62","6,114.62","","-0.54%"
"2015-03-23","6,147.96","6,147.96","6,147.96","6,147.96","","-0.18%"
"2015-03-20","6,159.35","6,159.35","6,159.35","6,159.35","","0.89%"
"2015-03-19","6,105.21","6,105.21","6,105.21","6,105.21","","-0.39%"
"2015-03-18","6,129.16","6,129.16","6,129.16","6,129.16","","1.16%"
"2015-03-17","6,058.65","6,058.65","6,058.65","6,058.65","","-0.22%"
"2015-03-16","6,072.05","6,072.05","6,072.05","6,072.05","","1.26%"
"2015-03-13","5,996.73","5,996.73","5,996.73","5,996.73","","-0.57%"
"2015-03-12","6,030.94","6,030.94","6,030.94","6,030.94","","1.30%"
"2015-03-11","5,953.28","5,953.28","5,953.28","5,953.28","","-0.03%"
"2015-03-10","5,954.94","5,954.94","5,954.94","5,954.94","","-1.61%"
"2015-03-09","6,052.11","6,052.11","6,052.11","6,052.11","","0.40%"
"2015-03-06","6,028.25","6,028.25","6,028.25","6,028.25","","-1.38%"
"2015-03-05","6,112.64","6,112.64","6,112.64","6,112.64","","0.16%"
"2015-03-04","6,103.17","6,103.17","6,103.17","6,103.17","","-0.42%"
"2015-03-03","6,128.91","6,128.91","6,128.91","6,128.91","","-0.44%"
"2015-03-02","6,156.12","6,156.12","6,156.12","6,156.12","","0.64%"
"2015-02-27","6,116.97","6,116.97","6,116.97","6,116.97","","-0.33%"
"2015-02-26","6,137.29","6,137.29","6,137.29","6,137.29","","-0.11%"
"2015-02-25","6,144.14","6,144.14","6,144.14","6,144.14","","-0.01%"
"2015-02-24","6,145.04","6,145.04","6,145.04","6,145.04","","0.24%"
"2015-02-23","6,130.22","6,130.22","6,130.22","6,130.22","","-0.03%"
"2015-02-20","6,132.29","6,132.29","6,132.29","6,132.29","","0.62%"
"2015-02-19","6,094.52","6,094.52","6,094.52","6,094.52","","-0.08%"
"2015-02-18","6,099.11","6,099.11","6,099.11","6,099.11","","0.05%"
"2015-02-17","6,096.11","6,096.11","6,096.11","6,096.11","","0.16%"
"2015-02-16","6,086.33","6,086.33","6,086.33","6,086.33","","0.00%"
"2015-02-13","6,086.33","6,086.33","6,086.33","6,086.33","","0.45%"
"2015-02-12","6,058.99","6,058.99","6,058.99","6,058.99","","1.02%"
"2015-02-11","5,998.07","5,998.07","5,998.07","5,998.07","","0.03%"
"2015-02-10","5,996.28","5,996.28","5,996.28","5,996.28","","1.01%"
"2015-02-09","5,936.03","5,936.03","5,936.03","5,936.03","","-0.47%"
"2015-02-06","5,963.86","5,963.86","5,963.86","5,963.86","","-0.31%"
"2015-02-05","5,982.43","5,982.43","5,982.43","5,982.43","","1.10%"
"2015-02-04","5,917.43","5,917.43","5,917.43","5,917.43","","-0.37%"
"2015-02-03","5,939.31","5,939.31","5,939.31","5,939.31","","1.49%"
"2015-02-02","5,852.26","5,852.26","5,852.26","5,852.26","","1.21%"
"2015-01-30","5,782.18","5,782.18","5,782.18","5,782.18","","-1.35%"
"2015-01-29","5,861.32","5,861.32","5,861.32","5,861.32","","0.96%"
"2015-01-28","5,805.87","5,805.87","5,805.87","5,805.87","","-1.37%"
"2015-01-27","5,886.54","5,886.54","5,886.54","5,886.54","","-1.20%"
"2015-01-26","5,958.10","5,958.10","5,958.10","5,958.10","","0.42%"
"2015-01-23","5,933.27","5,933.27","5,933.27","5,933.27","","-0.48%"
"2015-01-22","5,961.93","5,961.93","5,961.93","5,961.93","","1.59%"
"2015-01-21","5,868.55","5,868.55","5,868.55","5,868.55","","0.44%"
"2015-01-20","5,842.97","5,842.97","5,842.97","5,842.97","","0.07%"
"2015-01-16","5,838.66","5,838.66","5,838.66","5,838.66","","1.38%"
"2015-01-15","5,759.21","5,759.21","5,759.21","5,759.21","","-1.01%"
"2015-01-14","5,818.20","5,818.20","5,818.20","5,818.20","","-0.56%"
"2015-01-13","5,850.84","5,850.84","5,850.84","5,850.84","","-0.19%"
"2015-01-12","5,862.04","5,862.04","5,862.04","5,862.04","","-0.75%"
"2015-01-09","5,906.45","5,906.45","5,906.45","5,906.45","","-0.83%"
"2015-01-08","5,955.94","5,955.94","5,955.94","5,955.94","","1.77%"
"2015-01-07","5,852.48","5,852.48","5,852.48","5,852.48","","1.20%"
"2015-01-06","5,783.21","5,783.21","5,783.21","5,783.21","","-0.96%"
"2015-01-05","5,839.11","5,839.11","5,839.11","5,839.11","","-1.77%"
"2015-01-02","5,944.42","5,944.42","5,944.42","5,944.42","","-0.06%"
"2014-12-31","5,947.71","5,947.71","5,947.71","5,947.71","","-0.97%"
"2014-12-30","6,006.12","6,006.12","6,006.12","6,006.12","","-0.47%"
"2014-12-29","6,034.34","6,034.34","6,034.34","6,034.34","","0.15%"
"2014-12-26","6,025.41","6,025.41","6,025.41","6,025.41","","0.37%"
"2014-12-24","6,003.03","6,003.03","6,003.03","6,003.03","","0.04%"
"2014-12-23","6,000.44","6,000.44","6,000.44","6,000.44","","0.18%"
"2014-12-22","5,989.49","5,989.49","5,989.49","5,989.49","","0.39%"
"2014-12-19","5,966.06","5,966.06","5,966.06","5,966.06","","0.46%"
"2014-12-18","5,938.97","5,938.97","5,938.97","5,938.97","","2.29%"
"2014-12-17","5,806.11","5,806.11","5,806.11","5,806.11","","2.15%"
"2014-12-16","5,684.16","5,684.16","5,684.16","5,684.16","","-0.77%"
"2014-12-15","5,728.22","5,728.22","5,728.22","5,728.22","","-0.68%"
"2014-12-12","5,767.60","5,767.60","5,767.60","5,767.60","","-1.55%"
"2014-12-11","5,858.65","5,858.65","5,858.65","5,858.65","","0.48%"
"2014-12-10","5,830.89","5,830.89","5,830.89","5,830.89","","-1.70%"
"2014-12-09","5,931.57","5,931.57","5,931.57","5,931.57","","0.13%"
"2014-12-08","5,923.78","5,923.78","5,923.78","5,923.78","","-0.77%"
"2014-12-05","5,970.04","5,970.04","5,970.04","5,970.04","","0.22%"
"2014-12-04","5,956.79","5,956.79","5,956.79","5,956.79","","-0.14%"
"2014-12-03","5,964.98","5,964.98","5,964.98","5,964.98","","0.49%"
"2014-12-02","5,936.17","5,936.17","5,936.17","5,936.17","","0.65%"
"2014-12-01","5,897.86","5,897.86","5,897.86","5,897.86","","-0.84%"
"2014-11-28","5,947.78","5,947.78","5,947.78","5,947.78","","-0.37%"
"2014-11-26","5,969.85","5,969.85","5,969.85","5,969.85","","0.29%"
"2014-11-25","5,952.51","5,952.51","5,952.51","5,952.51","","-0.08%"
"2014-11-24","5,957.36","5,957.36","5,957.36","5,957.36","","0.39%"
"2014-11-21","5,934.16","5,934.16","5,934.16","5,934.16","","0.50%"
"2014-11-20","5,904.69","5,904.69","5,904.69","5,904.69","","0.30%"
"2014-11-19","5,886.78","5,886.78","5,886.78","5,886.78","","-0.24%"
"2014-11-18","5,900.74","5,900.74","5,900.74","5,900.74","","0.55%"
"2014-11-17","5,868.39","5,868.39","5,868.39","5,868.39","","-0.02%"
"2014-11-14","5,869.81","5,869.81","5,869.81","5,869.81","","0.03%"
"2014-11-13","5,867.97","5,867.97","5,867.97","5,867.97","","-0.05%"
"2014-11-12","5,870.88","5,870.88","5,870.88","5,870.88","","0.03%"
"2014-11-11","5,869.03","5,869.03","5,869.03","5,869.03","","0.07%"
"2014-11-10","5,864.97","5,864.97","5,864.97","5,864.97","","0.33%"
"2014-11-07","5,845.50","5,845.50","5,845.50","5,845.50","","0.06%"
"2014-11-06","5,841.85","5,841.85","5,841.85","5,841.85","","0.45%"
"2014-11-05","5,815.48","5,815.48","5,815.48","5,815.48","","0.50%"
"2014-11-04","5,786.61","5,786.61","5,786.61","5,786.61","","-0.34%"
"2014-11-03","5,806.57","5,806.57","5,806.57","5,806.57","","-0.01%"
"2014-10-31","5,807.05","5,807.05","5,807.05","5,807.05","","1.22%"
"2014-10-30","5,737.31","5,737.31","5,737.31","5,737.31","","0.62%"
"2014-10-29","5,702.05","5,702.05","5,702.05","5,702.05","","-0.17%"
"2014-10-28","5,712.04","5,712.04","5,712.04","5,712.04","","1.36%"
"2014-10-27","5,635.64","5,635.64","5,635.64","5,635.64","","-0.16%"
"2014-10-24","5,644.76","5,644.76","5,644.76","5,644.76","","0.65%"
"2014-10-23","5,608.20","5,608.20","5,608.20","5,608.20","","1.29%"
"2014-10-22","5,536.92","5,536.92","5,536.92","5,536.92","","-0.82%"
"2014-10-21","5,582.93","5,582.93","5,582.93","5,582.93","","2.00%"
"2014-10-20","5,473.70","5,473.70","5,473.70","5,473.70","","0.95%"
"2014-10-17","5,422.05","5,422.05","5,422.05","5,422.05","","1.14%"
"2014-10-16","5,361.18","5,361.18","5,361.18","5,361.18","","0.23%"
"2014-10-15","5,348.64","5,348.64","5,348.64","5,348.64","","-0.56%"
"2014-10-14","5,378.92","5,378.92","5,378.92","5,378.92","","0.30%"
"2014-10-13","5,362.70","5,362.70","5,362.70","5,362.70","","-1.58%"
"2014-10-10","5,448.79","5,448.79","5,448.79","5,448.79","","-1.26%"
"2014-10-09","5,518.23","5,518.23","5,518.23","5,518.23","","-2.13%"
"2014-10-08","5,638.09","5,638.09","5,638.09","5,638.09","","1.73%"
"2014-10-07","5,542.39","5,542.39","5,542.39","5,542.39","","-1.54%"
"2014-10-06","5,628.94","5,628.94","5,628.94","5,628.94","","-0.23%"
"2014-10-03","5,641.76","5,641.76","5,641.76","5,641.76","","1.09%"
"2014-10-02","5,581.09","5,581.09","5,581.09","5,581.09","","0.10%"
"2014-10-01","5,575.44","5,575.44","5,575.44","5,575.44","","-1.35%"
"2014-09-30","5,651.56","5,651.56","5,651.56","5,651.56","","-0.41%"
"2014-09-29","5,674.94","5,674.94","5,674.94","5,674.94","","-0.23%"
"2014-09-26","5,687.85","5,687.85","5,687.85","5,687.85","","0.87%"
"2014-09-25","5,638.85","5,638.85","5,638.85","5,638.85","","-1.59%"
"2014-09-24","5,729.91","5,729.91","5,729.91","5,729.91","","0.77%"
"2014-09-23","5,685.86","5,685.86","5,685.86","5,685.86","","-0.61%"
"2014-09-22","5,720.95","5,720.95","5,720.95","5,720.95","","-0.95%"
"2014-09-19","5,775.62","5,775.62","5,775.62","5,775.62","","-0.17%"
"2014-09-18","5,785.40","5,785.40","5,785.40","5,785.40","","0.47%"
"2014-09-17","5,758.59","5,758.59","5,758.59","5,758.59","","0.14%"
"2014-09-16","5,750.48","5,750.48","5,750.48","5,750.48","","0.72%"
"2014-09-15","5,709.31","5,709.31","5,709.31","5,709.31","","-0.26%"
"2014-09-12","5,723.98","5,723.98","5,723.98","5,723.98","","-0.66%"
"2014-09-11","5,761.76","5,761.76","5,761.76","5,761.76","","0.18%"
"2014-09-10","5,751.58","5,751.58","5,751.58","5,751.58","","0.38%"
"2014-09-09","5,729.73","5,729.73","5,729.73","5,729.73","","-0.71%"
"2014-09-08","5,770.78","5,770.78","5,770.78","5,770.78","","-0.22%"
"2014-09-05","5,783.23","5,783.23","5,783.23","5,783.23","","0.48%"
"2014-09-04","5,755.53","5,755.53","5,755.53","5,755.53","","-0.20%"
"2014-09-03","5,766.86","5,766.86","5,766.86","5,766.86","","-0.13%"
"2014-09-02","5,774.28","5,774.28","5,774.28","5,774.28","","0.04%"
"2014-08-29","5,771.87","5,771.87","5,771.87","5,771.87","","0.40%"
"2014-08-28","5,749.14","5,749.14","5,749.14","5,749.14","","-0.19%"
"2014-08-27","5,759.95","5,759.95","5,759.95","5,759.95","","0.00%"
"2014-08-26","5,759.85","5,759.85","5,759.85","5,759.85","","0.19%"
"2014-08-25","5,749.14","5,749.14","5,749.14","5,749.14","","0.47%"
"2014-08-22","5,722.49","5,722.49","5,722.49","5,722.49","","-0.14%"
"2014-08-21","5,730.28","5,730.28","5,730.28","5,730.28","","0.26%"
"2014-08-20","5,715.19","5,715.19","5,715.19","5,715.19","","0.20%"
"2014-08-19","5,703.58","5,703.58","5,703.58","5,703.58","","0.49%"
"2014-08-18","5,675.75","5,675.75","5,675.75","5,675.75","","0.93%"
"2014-08-15","5,623.27","5,623.27","5,623.27","5,623.27","","0.01%"
"2014-08-14","5,622.94","5,622.94","5,622.94","5,622.94","","0.43%"
"2014-08-13","5,599.04","5,599.04","5,599.04","5,599.04","","0.73%"
"2014-08-12","5,558.58","5,558.58","5,558.58","5,558.58","","-0.23%"
"2014-08-11","5,571.57","5,571.57","5,571.57","5,571.57","","0.38%"
"2014-08-08","5,550.48","5,550.48","5,550.48","5,550.48","","1.12%"
"2014-08-07","5,489.04","5,489.04","5,489.04","5,489.04","","-0.51%"
"2014-08-06","5,517.01","5,517.01","5,517.01","5,517.01","","0.03%"
"2014-08-05","5,515.49","5,515.49","5,515.49","5,515.49","","-0.86%"
"2014-08-04","5,563.46","5,563.46","5,563.46","5,563.46","","0.72%"
"2014-08-01","5,523.67","5,523.67","5,523.67","5,523.67","","-0.29%"
"2014-07-31","5,539.46","5,539.46","5,539.46","5,539.46","","-2.00%"
"2014-07-30","5,652.77","5,652.77","5,652.77","5,652.77","","0.09%"
"2014-07-29","5,647.53","5,647.53","5,647.53","5,647.53","","-0.38%"
"2014-07-28","5,669.33","5,669.33","5,669.33","5,669.33","","-0.04%"
"2014-07-25","5,671.65","5,671.65","5,671.65","5,671.65","","-0.53%"
"2014-07-24","5,701.75","5,701.75","5,701.75","5,701.75","","0.04%"
"2014-07-23","5,699.45","5,699.45","5,699.45","5,699.45","","0.18%"
"2014-07-22","5,689.04","5,689.04","5,689.04","5,689.04","","0.53%"
"2014-07-21","5,658.80","5,658.80","5,658.80","5,658.80","","-0.24%"
"2014-07-18","5,672.66","5,672.66","5,672.66","5,672.66","","1.10%"
"2014-07-17","5,611.10","5,611.10","5,611.10","5,611.10","","-1.19%"
"2014-07-16","5,678.77","5,678.77","5,678.77","5,678.77","","0.34%"
"2014-07-15","5,659.51","5,659.51","5,659.51","5,659.51","","-0.29%"
"2014-07-14","5,676.13","5,676.13","5,676.13","5,676.13","","0.48%"
"2014-07-11","5,649.00","5,649.00","5,649.00","5,649.00","","0.11%"
"2014-07-10","5,642.81","5,642.81","5,642.81","5,642.81","","-0.46%"
"2014-07-09","5,668.70","5,668.70","5,668.70","5,668.70","","0.44%"
"2014-07-08","5,643.81","5,643.81","5,643.81","5,643.81","","-0.77%"
"2014-07-07","5,687.67","5,687.67","5,687.67","5,687.67","","-0.58%"
"2014-07-03","5,720.69","5,720.69","5,720.69","5,720.69","","0.55%"
"2014-07-02","5,689.61","5,689.61","5,689.61","5,689.61","","-0.04%"
"2014-07-01","5,692.04","5,692.04","5,692.04","5,692.04","","0.73%"
"2014-06-30","5,650.94","5,650.94","5,650.94","5,650.94","","0.05%"
"2014-06-27","5,647.92","5,647.92","5,647.92","5,647.92","","0.27%"
"2014-06-26","5,632.67","5,632.67","5,632.67","5,632.67","","-0.10%"
"2014-06-25","5,638.26","5,638.26","5,638.26","5,638.26","","0.53%"
"2014-06-24","5,608.77","5,608.77","5,608.77","5,608.77","","-0.68%"
"2014-06-23","5,647.44","5,647.44","5,647.44","5,647.44","","-0.03%"
"2014-06-20","5,649.23","5,649.23","5,649.23","5,649.23","","0.20%"
"2014-06-19","5,638.04","5,638.04","5,638.04","5,638.04","","0.14%"
"2014-06-18","5,630.19","5,630.19","5,630.19","5,630.19","","0.73%"
"2014-06-17","5,589.38","5,589.38","5,589.38","5,589.38","","0.31%"
"2014-06-16","5,572.01","5,572.01","5,572.01","5,572.01","","0.10%"
"2014-06-13","5,566.33","5,566.33","5,566.33","5,566.33","","0.32%"
"2014-06-12","5,548.74","5,548.74","5,548.74","5,548.74","","-0.67%"
"2014-06-11","5,586.04","5,586.04","5,586.04","5,586.04","","-0.34%"
"2014-06-10","5,605.17","5,605.17","5,605.17","5,605.17","","-0.06%"
"2014-06-09","5,608.71","5,608.71","5,608.71","5,608.71","","0.16%"
"2014-06-06","5,599.62","5,599.62","5,599.62","5,599.62","","0.52%"
"2014-06-05","5,570.86","5,570.86","5,570.86","5,570.86","","0.78%"
"2014-06-04","5,527.86","5,527.86","5,527.86","5,527.86","","0.25%"
"2014-06-03","5,514.13","5,514.13","5,514.13","5,514.13","","-0.05%"
"2014-06-02","5,516.72","5,516.72","5,516.72","5,516.72","","0.07%"
"2014-05-30","5,512.67","5,512.67","5,512.67","5,512.67","","0.09%"
"2014-05-29","5,507.69","5,507.69","5,507.69","5,507.69","","0.53%"
"2014-05-28","5,478.92","5,478.92","5,478.92","5,478.92","","-0.13%"
"2014-05-27","5,486.19","5,486.19","5,486.19","5,486.19","","0.66%"
"2014-05-23","5,450.10","5,450.10","5,450.10","5,450.10","","0.50%"
"2014-05-22","5,423.14","5,423.14","5,423.14","5,423.14","","0.33%"
"2014-05-21","5,405.42","5,405.42","5,405.42","5,405.42","","0.79%"
"2014-05-20","5,363.26","5,363.26","5,363.26","5,363.26","","-0.75%"
"2014-05-19","5,403.52","5,403.52","5,403.52","5,403.52","","0.47%"
"2014-05-16","5,378.34","5,378.34","5,378.34","5,378.34","","0.39%"
"2014-05-15","5,357.51","5,357.51","5,357.51","5,357.51","","-0.88%"
"2014-05-14","5,404.89","5,404.89","5,404.89","5,404.89","","-0.55%"
"2014-05-13","5,435.05","5,435.05","5,435.05","5,435.05","","-0.06%"
"2014-05-12","5,438.32","5,438.32","5,438.32","5,438.32","","1.12%"
"2014-05-09","5,378.02","5,378.02","5,378.02","5,378.02","","0.23%"
"2014-05-08","5,365.88","5,365.88","5,365.88","5,365.88","","-0.23%"
"2014-05-07","5,378.43","5,378.43","5,378.43","5,378.43","","0.52%"
"2014-05-06","5,350.57","5,350.57","5,350.57","5,350.57","","-0.95%"
"2014-05-05","5,401.84","5,401.84","5,401.84","5,401.84","","0.16%"
"2014-05-02","5,393.30","5,393.30","5,393.30","5,393.30","","-0.07%"
"2014-05-01","5,397.24","5,397.24","5,397.24","5,397.24","","0.04%"
"2014-04-30","5,394.95","5,394.95","5,394.95","5,394.95","","0.36%"
"2014-04-29","5,375.81","5,375.81","5,375.81","5,375.81","","0.50%"
"2014-04-28","5,349.33","5,349.33","5,349.33","5,349.33","","0.18%"
"2014-04-25","5,339.88","5,339.88","5,339.88","5,339.88","","-0.96%"
"2014-04-24","5,391.44","5,391.44","5,391.44","5,391.44","","0.12%"
"2014-04-23","5,385.00","5,385.00","5,385.00","5,385.00","","-0.27%"
"2014-04-22","5,399.53","5,399.53","5,399.53","5,399.53","","0.53%"
"2014-04-21","5,371.00","5,371.00","5,371.00","5,371.00","","0.39%"
"2014-04-17","5,350.21","5,350.21","5,350.21","5,350.21","","0.19%"
"2014-04-16","5,340.21","5,340.21","5,340.21","5,340.21","","1.09%"
"2014-04-15","5,282.85","5,282.85","5,282.85","5,282.85","","0.64%"
"2014-04-14","5,249.33","5,249.33","5,249.33","5,249.33","","0.73%"
"2014-04-11","5,211.12","5,211.12","5,211.12","5,211.12","","-1.02%"
"2014-04-10","5,265.06","5,265.06","5,265.06","5,265.06","","-2.17%"
"2014-04-09","5,381.86","5,381.86","5,381.86","5,381.86","","1.15%"
"2014-04-08","5,320.49","5,320.49","5,320.49","5,320.49","","0.47%"
"2014-04-07","5,295.82","5,295.82","5,295.82","5,295.82","","-1.19%"